country,iso3,year,life_exp,health_ppp
Australia,AUS,1962,71,NA
Australia,AUS,1967,70.8,NA
Australia,AUS,1971,NA,999.418
Australia,AUS,1972,NA,1027.184
Australia,AUS,1973,NA,1079.525
Australia,AUS,1974,NA,1198.884
Australia,AUS,1975,NA,1350.571
Australia,AUS,1976,72.8,1387.429
Australia,AUS,1977,NA,1444.007
Australia,AUS,1978,NA,1450.709
Australia,AUS,1979,NA,1451.789
Australia,AUS,1980,NA,1475.326
Australia,AUS,1981,74.8,1526.652
Australia,AUS,1982,74.6,1525.572
Australia,AUS,1983,75.4,1571.565
Australia,AUS,1984,75.7,1605.599
Australia,AUS,1985,75.5,1649.332
Australia,AUS,1986,76,1706.089
Australia,AUS,1987,76.2,1740.898
Australia,AUS,1988,76.2,1809.316
Australia,AUS,1989,76.4,1849.818
Australia,AUS,1990,76.9,1882.898
Australia,AUS,1991,77.3,1927.342
Australia,AUS,1992,77.4,1984.339
Australia,AUS,1993,77.9,2036.285
Australia,AUS,1994,77.9,2113.493
Australia,AUS,1995,77.8,2187.216
Australia,AUS,1996,78.1,2286.832
Australia,AUS,1997,78.4,2367.27
Australia,AUS,1998,78.6,2493.849
Australia,AUS,1999,78.9,2610.73
Australia,AUS,2000,79.2,2734.148
Australia,AUS,2001,79.6,2848.25
Australia,AUS,2002,79.9,2980.659
Australia,AUS,2003,80.2,3123.226
Australia,AUS,2004,80.5,3325.179
Australia,AUS,2005,80.8,3385.542
Australia,AUS,2006,81,3513.167
Australia,AUS,2007,81.3,3650.041
Australia,AUS,2008,81.4,3797.941
Australia,AUS,2009,81.5,3878.347
Australia,AUS,2010,81.7,4002.601
Australia,AUS,2011,81.9,4131.516
Australia,AUS,2012,82,4130.635
Australia,AUS,2013,82.1,4174.57
Australia,AUS,2014,82.3,4634.114
Australia,AUS,2015,82.4,4776.158
Australia,AUS,2016,82.4,4901.922
Australia,AUS,2017,82.5,4994.494
Australia,AUS,2018,82.7,5073.085
Australia,AUS,2019,82.9,5081.171
Australia,AUS,2020,83.2,5442.839
Australia,AUS,2021,83.3,5763.229
Australia,AUS,2022,83.2,5546.995
Austria,AUT,1960,68.7,NA
Austria,AUT,1961,69.7,NA
Austria,AUT,1962,69.4,NA
Austria,AUT,1963,69.6,NA
Austria,AUT,1964,70,NA
Austria,AUT,1965,69.8,NA
Austria,AUT,1966,70.2,NA
Austria,AUT,1967,70,NA
Austria,AUT,1968,70.2,NA
Austria,AUT,1969,69.9,NA
Austria,AUT,1970,70.1,968.116
Austria,AUT,1971,70.3,1010.34
Austria,AUT,1972,70.7,1077.016
Austria,AUT,1973,71.2,1160.894
Austria,AUT,1974,71.2,1255.338
Austria,AUT,1975,71.4,1583.249
Austria,AUT,1976,71.8,1703.393
Austria,AUT,1977,72.2,1769.085
Austria,AUT,1978,72.3,1858.553
Austria,AUT,1979,72.6,1952.923
Austria,AUT,1980,72.7,2007.86
Austria,AUT,1981,73,1709.473
Austria,AUT,1982,73.2,1727.029
Austria,AUT,1983,73.3,1732.642
Austria,AUT,1984,73.9,1743.721
Austria,AUT,1985,74.1,1811.867
Austria,AUT,1986,74.5,1901.259
Austria,AUT,1987,75,2034.801
Austria,AUT,1988,75.5,2096.17
Austria,AUT,1989,75.6,2220.363
Austria,AUT,1990,75.8,2709.38
Austria,AUT,1991,75.9,2802.374
Austria,AUT,1992,76.1,2935.349
Austria,AUT,1993,76.3,3103.495
Austria,AUT,1994,76.7,3314.695
Austria,AUT,1995,76.9,3356.609
Austria,AUT,1996,77.1,3397.157
Austria,AUT,1997,77.5,3496.897
Austria,AUT,1998,77.9,3686.417
Austria,AUT,1999,78.1,3865.454
Austria,AUT,2000,78.3,3922.568
Austria,AUT,2001,78.8,3968.92
Austria,AUT,2002,78.9,4070.951
Austria,AUT,2003,78.8,4145.746
Austria,AUT,2004,79.3,4302.948
Austria,AUT,2005,79.5,4342.733
Austria,AUT,2006,80.1,4417.78
Austria,AUT,2007,80.3,4558.764
Austria,AUT,2008,80.6,4691.865
Austria,AUT,2009,80.5,4792.704
Austria,AUT,2010,80.7,4825.099
Austria,AUT,2011,81.1,4803.804
Austria,AUT,2012,81.1,4881.975
Austria,AUT,2013,81.3,4878.745
Austria,AUT,2014,81.6,4922.505
Austria,AUT,2015,81.3,4951.066
Austria,AUT,2016,81.8,4992.715
Austria,AUT,2017,81.7,5050.25
Austria,AUT,2018,81.8,5118.006
Austria,AUT,2019,82,5224.7
Austria,AUT,2020,81.3,5262.412
Austria,AUT,2021,81.3,5869.34
Austria,AUT,2022,81.4,5518.808
Austria,AUT,2023,81.6,5343.133
Belgium,BEL,1960,69.7,NA
Belgium,BEL,1961,70.5,NA
Belgium,BEL,1962,70.3,NA
Belgium,BEL,1963,70.1,NA
Belgium,BEL,1964,70.8,NA
Belgium,BEL,1965,70.7,NA
Belgium,BEL,1966,70.7,NA
Belgium,BEL,1967,71,NA
Belgium,BEL,1968,70.7,NA
Belgium,BEL,1969,70.8,NA
Belgium,BEL,1970,71,855.881
Belgium,BEL,1971,71.1,902.114
Belgium,BEL,1972,71.4,982.797
Belgium,BEL,1973,71.7,1122.671
Belgium,BEL,1974,72,1169.414
Belgium,BEL,1975,72,1405.755
Belgium,BEL,1976,72.2,1528.036
Belgium,BEL,1977,72.8,1663.788
Belgium,BEL,1978,72.8,1753.964
Belgium,BEL,1979,73.3,1803.781
Belgium,BEL,1980,73.3,1714.91
Belgium,BEL,1981,73.7,1776.236
Belgium,BEL,1982,74,1864.629
Belgium,BEL,1983,73.9,1895.734
Belgium,BEL,1984,74.5,1887.355
Belgium,BEL,1985,74.6,1939.583
Belgium,BEL,1986,74.8,2070.042
Belgium,BEL,1987,75.4,2142.571
Belgium,BEL,1988,75.7,2272.191
Belgium,BEL,1989,75.7,2355.66
Belgium,BEL,1990,76.2,2438.815
Belgium,BEL,1991,76.3,2573.594
Belgium,BEL,1992,76.5,2689.026
Belgium,BEL,1993,76.5,2722.924
Belgium,BEL,1994,76.8,2730.965
Belgium,BEL,1995,77,2755.047
Belgium,BEL,1996,77.3,2878.677
Belgium,BEL,1997,77.5,2916.808
Belgium,BEL,1998,77.6,3027.212
Belgium,BEL,1999,77.7,3179.718
Belgium,BEL,2000,77.9,3264.101
Belgium,BEL,2001,78.1,3338.824
Belgium,BEL,2002,78.2,3454.365
Belgium,BEL,2003,78.3,3828.356
Belgium,BEL,2004,79,4000.012
Belgium,BEL,2005,79.1,3992
Belgium,BEL,2006,79.5,4001.895
Belgium,BEL,2007,79.9,4093.628
Belgium,BEL,2008,79.8,4214.905
Belgium,BEL,2009,80.2,4420.183
Belgium,BEL,2010,80.3,4445.18
Belgium,BEL,2011,80.7,4484.146
Belgium,BEL,2012,80.5,4542.673
Belgium,BEL,2013,80.7,4575.546
Belgium,BEL,2014,81.4,4650.837
Belgium,BEL,2015,81.1,4832.936
Belgium,BEL,2016,81.5,4894.724
Belgium,BEL,2017,81.6,4942.588
Belgium,BEL,2018,81.7,5008.136
Belgium,BEL,2019,82.1,5065.355
Belgium,BEL,2020,80.8,5014.056
Belgium,BEL,2021,81.9,5278.667
Belgium,BEL,2022,81.8,5140.813
Belgium,BEL,2023,82.5,NA
Canada,CAN,1970,NA,1276.724
Canada,CAN,1971,NA,1400.049
Canada,CAN,1972,NA,1457.003
Canada,CAN,1973,NA,1498.025
Canada,CAN,1974,NA,1558.972
Canada,CAN,1975,NA,1668.821
Canada,CAN,1976,NA,1762.421
Canada,CAN,1977,NA,1768.745
Canada,CAN,1978,NA,1780.15
Canada,CAN,1979,NA,1811.386
Canada,CAN,1980,75.1,1871.698
Canada,CAN,1981,75.5,1949.143
Canada,CAN,1982,75.7,2044.781
Canada,CAN,1983,76.1,2100.609
Canada,CAN,1984,76.4,2150.27
Canada,CAN,1985,76.4,2218.601
Canada,CAN,1986,76.5,2287.969
Canada,CAN,1987,76.8,2352.255
Canada,CAN,1988,76.9,2438.811
Canada,CAN,1989,77.2,2524.274
Canada,CAN,1990,77.5,2600.181
Canada,CAN,1991,77.7,2669.839
Canada,CAN,1992,77.9,2730.909
Canada,CAN,1993,77.8,2711.016
Canada,CAN,1994,78,2698.325
Canada,CAN,1995,78.1,2672.911
Canada,CAN,1996,78.3,2636.032
Canada,CAN,1997,78.5,2709.355
Canada,CAN,1998,78.7,2823.744
Canada,CAN,1999,78.9,2874.957
Canada,CAN,2000,79.3,3007.374
Canada,CAN,2001,79.5,3152.321
Canada,CAN,2002,79.6,3263.497
Canada,CAN,2003,79.8,3391.754
Canada,CAN,2004,80.1,3541.11
Canada,CAN,2005,80.2,3643.874
Canada,CAN,2006,80.7,3850.126
Canada,CAN,2007,80.7,3987.845
Canada,CAN,2008,80.8,4128.725
Canada,CAN,2009,81.2,4281.376
Canada,CAN,2010,81.4,4431.313
Canada,CAN,2011,81.6,4433.299
Canada,CAN,2012,81.8,4510.725
Canada,CAN,2013,81.8,4517.606
Canada,CAN,2014,81.9,4531.371
Canada,CAN,2015,81.9,4646.018
Canada,CAN,2016,82,4762.49
Canada,CAN,2017,81.9,4855.691
Canada,CAN,2018,81.9,4931.373
Canada,CAN,2019,82.3,4993.325
Canada,CAN,2020,81.7,5493.937
Canada,CAN,2021,81.6,5759.107
Canada,CAN,2022,NA,5432.467
Canada,CAN,2023,NA,5306.825
Switzerland,CHE,1960,71.4,NA
Switzerland,CHE,1961,71.8,NA
Switzerland,CHE,1962,71.3,NA
Switzerland,CHE,1963,71.3,NA
Switzerland,CHE,1964,72.2,NA
Switzerland,CHE,1965,72.3,NA
Switzerland,CHE,1966,72.5,NA
Switzerland,CHE,1967,72.8,NA
Switzerland,CHE,1968,72.7,NA
Switzerland,CHE,1969,72.7,NA
Switzerland,CHE,1970,73.2,1726.936
Switzerland,CHE,1971,73.3,1906.255
Switzerland,CHE,1972,73.8,1978.823
Switzerland,CHE,1973,74.1,2037.071
Switzerland,CHE,1974,74.5,2134.416
Switzerland,CHE,1975,74.9,2266.888
Switzerland,CHE,1976,75,2337.908
Switzerland,CHE,1977,75.5,2379.832
Switzerland,CHE,1978,75.4,2464.558
Switzerland,CHE,1979,75.7,2497.588
Switzerland,CHE,1980,75.7,2569.975
Switzerland,CHE,1981,75.9,2622.243
Switzerland,CHE,1982,76.3,2664.427
Switzerland,CHE,1983,76.2,2790.601
Switzerland,CHE,1984,76.9,2789.463
Switzerland,CHE,1985,77,3078.976
Switzerland,CHE,1986,77.2,3242.402
Switzerland,CHE,1987,77.5,3374.449
Switzerland,CHE,1988,77.5,3507.47
Switzerland,CHE,1989,77.7,3650.721
Switzerland,CHE,1990,77.5,3700.114
Switzerland,CHE,1991,77.8,3907.844
Switzerland,CHE,1992,78.1,3965.16
Switzerland,CHE,1993,78.4,3960.514
Switzerland,CHE,1994,78.7,4087.913
Switzerland,CHE,1995,78.7,3979.623
Switzerland,CHE,1996,79.2,4117.326
Switzerland,CHE,1997,79.4,4167.08
Switzerland,CHE,1998,79.6,4323.112
Switzerland,CHE,1999,79.9,4431.358
Switzerland,CHE,2000,80,4543.22
Switzerland,CHE,2001,80.5,4772.085
Switzerland,CHE,2002,80.6,4944.48
Switzerland,CHE,2003,80.7,5035.696
Switzerland,CHE,2004,81.3,5172.536
Switzerland,CHE,2005,81.5,5191.86
Switzerland,CHE,2006,81.8,5151.271
Switzerland,CHE,2007,82,5256.996
Switzerland,CHE,2008,82.3,5375.368
Switzerland,CHE,2009,82.3,5561.898
Switzerland,CHE,2010,82.7,5603.734
Switzerland,CHE,2011,82.8,5720.011
Switzerland,CHE,2012,82.8,5894.9
Switzerland,CHE,2013,82.9,6097.769
Switzerland,CHE,2014,83.3,6186.431
Switzerland,CHE,2015,83,6389.893
Switzerland,CHE,2016,83.7,6548.214
Switzerland,CHE,2017,83.7,6609.72
Switzerland,CHE,2018,83.8,6596.542
Switzerland,CHE,2019,84,6762.735
Switzerland,CHE,2020,83.1,6880.528
Switzerland,CHE,2021,83.9,7255.205
Switzerland,CHE,2022,83.7,7213.734
Switzerland,CHE,2023,84.2,NA
Chile,CHL,1960,57.3,NA
Chile,CHL,1961,57.7,NA
Chile,CHL,1962,58.1,NA
Chile,CHL,1963,58.6,NA
Chile,CHL,1964,59,NA
Chile,CHL,1965,59.5,NA
Chile,CHL,1966,60,NA
Chile,CHL,1967,60.6,NA
Chile,CHL,1968,61.1,NA
Chile,CHL,1969,61.7,NA
Chile,CHL,1970,62.3,NA
Chile,CHL,1971,63,NA
Chile,CHL,1972,63.6,NA
Chile,CHL,1973,64.3,NA
Chile,CHL,1974,65,NA
Chile,CHL,1975,65.7,NA
Chile,CHL,1976,66.4,NA
Chile,CHL,1977,67.1,NA
Chile,CHL,1978,67.8,NA
Chile,CHL,1979,68.4,NA
Chile,CHL,1980,69.1,NA
Chile,CHL,1981,69.7,NA
Chile,CHL,1982,70,NA
Chile,CHL,1983,70.4,NA
Chile,CHL,1984,70.9,NA
Chile,CHL,1985,71.3,NA
Chile,CHL,1986,71.7,NA
Chile,CHL,1987,72.1,NA
Chile,CHL,1988,72.5,NA
Chile,CHL,1989,73,NA
Chile,CHL,1990,73.4,NA
Chile,CHL,1991,73.8,NA
Chile,CHL,1992,74.1,NA
Chile,CHL,1993,74.4,NA
Chile,CHL,1994,74.7,NA
Chile,CHL,1995,75,NA
Chile,CHL,1996,75.3,NA
Chile,CHL,1997,75.6,NA
Chile,CHL,1998,75.8,NA
Chile,CHL,1999,76.1,NA
Chile,CHL,2000,76.4,879.338
Chile,CHL,2001,76.6,903.477
Chile,CHL,2002,76.9,936.947
Chile,CHL,2003,77.1,986.973
Chile,CHL,2004,77.4,1047.952
Chile,CHL,2005,77.6,1079.674
Chile,CHL,2006,77.8,1125.019
Chile,CHL,2007,78.1,1202.663
Chile,CHL,2008,78.3,1227.674
Chile,CHL,2009,78.5,1430.035
Chile,CHL,2010,78.7,1357.868
Chile,CHL,2011,79,1419.095
Chile,CHL,2012,79.2,1507.854
Chile,CHL,2013,79.4,1628.081
Chile,CHL,2014,79.6,1716.233
Chile,CHL,2015,79.8,1833.552
Chile,CHL,2016,80,1907.811
Chile,CHL,2017,80.2,2070.402
Chile,CHL,2018,80.4,2124.19
Chile,CHL,2019,80.6,2132.098
Chile,CHL,2020,80.8,2092.416
Chile,CHL,2021,81,2408.529
Chile,CHL,2022,81.2,2529.774
Chile,CHL,2023,NA,2442.196
Colombia,COL,1960,55.2,NA
Colombia,COL,1961,55.6,NA
Colombia,COL,1962,56.1,NA
Colombia,COL,1963,56.5,NA
Colombia,COL,1964,56.9,NA
Colombia,COL,1965,57.3,NA
Colombia,COL,1966,57.8,NA
Colombia,COL,1967,58.2,NA
Colombia,COL,1968,58.7,NA
Colombia,COL,1969,59.1,NA
Colombia,COL,1970,59.5,NA
Colombia,COL,1971,59.9,NA
Colombia,COL,1972,60.3,NA
Colombia,COL,1973,60.7,NA
Colombia,COL,1974,61.1,NA
Colombia,COL,1975,61.5,NA
Colombia,COL,1976,62,NA
Colombia,COL,1977,62.5,NA
Colombia,COL,1978,63,NA
Colombia,COL,1979,63.5,NA
Colombia,COL,1980,64,NA
Colombia,COL,1981,64.5,NA
Colombia,COL,1982,65,NA
Colombia,COL,1983,65.5,NA
Colombia,COL,1984,65.9,NA
Colombia,COL,1985,66.4,NA
Colombia,COL,1986,66.6,NA
Colombia,COL,1987,66.8,NA
Colombia,COL,1988,66.9,NA
Colombia,COL,1989,67.1,NA
Colombia,COL,1990,67.2,NA
Colombia,COL,1991,67.4,NA
Colombia,COL,1992,67.5,NA
Colombia,COL,1993,67.6,NA
Colombia,COL,1994,68.1,NA
Colombia,COL,1995,68.6,NA
Colombia,COL,1996,69.1,NA
Colombia,COL,1997,69.6,NA
Colombia,COL,1998,70.1,NA
Colombia,COL,1999,70.5,NA
Colombia,COL,2000,71,501.787
Colombia,COL,2001,71.4,521.588
Colombia,COL,2002,71.8,501.896
Colombia,COL,2003,72.2,524.223
Colombia,COL,2004,72.6,559.417
Colombia,COL,2005,73,614.515
Colombia,COL,2006,73.3,678.059
Colombia,COL,2007,73.5,733.636
Colombia,COL,2008,73.8,812.603
Colombia,COL,2009,74,865.993
Colombia,COL,2010,74.3,877.426
Colombia,COL,2011,74.5,899.765
Colombia,COL,2012,74.7,920.89
Colombia,COL,2013,75,993.011
Colombia,COL,2014,75.2,1043.188
Colombia,COL,2015,75.4,1077.247
Colombia,COL,2016,75.7,1075.454
Colombia,COL,2017,75.9,1112.568
Colombia,COL,2018,76.5,1127.145
Colombia,COL,2019,76.6,1158.832
Colombia,COL,2020,76.7,1170.196
Colombia,COL,2021,76.8,1338.77
Colombia,COL,2022,76.9,1215.334
Colombia,COL,2023,NA,1229.165
Costa Rica,CRI,1960,60.4,NA
Costa Rica,CRI,1961,61,NA
Costa Rica,CRI,1962,61.6,NA
Costa Rica,CRI,1963,62.2,NA
Costa Rica,CRI,1964,62.8,NA
Costa Rica,CRI,1965,63.3,NA
Costa Rica,CRI,1966,63.9,NA
Costa Rica,CRI,1967,64.4,NA
Costa Rica,CRI,1968,64.8,NA
Costa Rica,CRI,1969,65.3,NA
Costa Rica,CRI,1970,65.8,NA
Costa Rica,CRI,1971,66.4,NA
Costa Rica,CRI,1972,66.9,NA
Costa Rica,CRI,1973,67.5,NA
Costa Rica,CRI,1974,68.2,NA
Costa Rica,CRI,1975,68.8,NA
Costa Rica,CRI,1976,69.5,NA
Costa Rica,CRI,1977,70.2,NA
Costa Rica,CRI,1978,70.9,NA
Costa Rica,CRI,1979,71.5,NA
Costa Rica,CRI,1980,72.1,NA
Costa Rica,CRI,1981,72.7,NA
Costa Rica,CRI,1982,73.2,NA
Costa Rica,CRI,1983,73.7,NA
Costa Rica,CRI,1984,74.1,NA
Costa Rica,CRI,1985,74.4,NA
Costa Rica,CRI,1986,74.7,NA
Costa Rica,CRI,1987,75,NA
Costa Rica,CRI,1988,75.2,NA
Costa Rica,CRI,1989,75.5,NA
Costa Rica,CRI,1990,75.7,NA
Costa Rica,CRI,1991,75.8,NA
Costa Rica,CRI,1992,76,NA
Costa Rica,CRI,1993,76.2,NA
Costa Rica,CRI,1994,76.4,NA
Costa Rica,CRI,1995,76.6,NA
Costa Rica,CRI,1996,76.8,NA
Costa Rica,CRI,1997,76.9,NA
Costa Rica,CRI,1998,77.1,NA
Costa Rica,CRI,1999,77.3,NA
Costa Rica,CRI,2000,77.8,807.644
Costa Rica,CRI,2001,78.1,803.801
Costa Rica,CRI,2002,78.3,854.214
Costa Rica,CRI,2003,78.5,880.03
Costa Rica,CRI,2004,78.6,854.352
Costa Rica,CRI,2005,78.8,866.213
Costa Rica,CRI,2006,79,945.004
Costa Rica,CRI,2007,79.1,1005.228
Costa Rica,CRI,2008,79.3,1090.42
Costa Rica,CRI,2009,79.4,1174.574
Costa Rica,CRI,2010,79.1,1249.23
Costa Rica,CRI,2011,79.1,1291.024
Costa Rica,CRI,2012,79.4,1292.124
Costa Rica,CRI,2013,79.6,1295.67
Costa Rica,CRI,2014,79.7,1333.9
Costa Rica,CRI,2015,79.9,1382.59
Costa Rica,CRI,2016,80,1381.179
Costa Rica,CRI,2017,80.2,1366.064
Costa Rica,CRI,2018,80.3,1426.988
Costa Rica,CRI,2019,80.5,1435.406
Costa Rica,CRI,2020,80.6,1473.31
Costa Rica,CRI,2021,80.8,1505.655
Costa Rica,CRI,2022,80.9,1461.068
Czech Republic,CZE,1960,70.7,NA
Czech Republic,CZE,1961,70.7,NA
Czech Republic,CZE,1962,70,NA
Czech Republic,CZE,1963,70.5,NA
Czech Republic,CZE,1964,70.7,NA
Czech Republic,CZE,1965,70.4,NA
Czech Republic,CZE,1966,70.6,NA
Czech Republic,CZE,1967,70.5,NA
Czech Republic,CZE,1968,70,NA
Czech Republic,CZE,1969,69.6,NA
Czech Republic,CZE,1970,69.6,NA
Czech Republic,CZE,1971,69.8,NA
Czech Republic,CZE,1972,70.3,NA
Czech Republic,CZE,1973,70.1,NA
Czech Republic,CZE,1974,70.2,NA
Czech Republic,CZE,1975,70.5,NA
Czech Republic,CZE,1976,70.7,NA
Czech Republic,CZE,1977,70.7,NA
Czech Republic,CZE,1978,70.8,NA
Czech Republic,CZE,1979,70.9,NA
Czech Republic,CZE,1980,70.4,NA
Czech Republic,CZE,1981,70.8,NA
Czech Republic,CZE,1982,70.9,NA
Czech Republic,CZE,1983,70.7,NA
Czech Republic,CZE,1984,70.9,NA
Czech Republic,CZE,1985,71.2,NA
Czech Republic,CZE,1986,71.1,NA
Czech Republic,CZE,1987,71.6,NA
Czech Republic,CZE,1988,71.8,NA
Czech Republic,CZE,1989,71.8,NA
Czech Republic,CZE,1990,71.5,875.929
Czech Republic,CZE,1991,72,758.422
Czech Republic,CZE,1992,72.4,778.929
Czech Republic,CZE,1993,72.9,1080.93
Czech Republic,CZE,1994,73.2,1165.916
Czech Republic,CZE,1995,73.3,1272.475
Czech Republic,CZE,1996,74,1324.138
Czech Republic,CZE,1997,74.1,1317.1
Czech Republic,CZE,1998,74.7,1334.181
Czech Republic,CZE,1999,74.9,1405.068
Czech Republic,CZE,2000,75.1,1419.059
Czech Republic,CZE,2001,75.3,1530.133
Czech Republic,CZE,2002,75.4,1659.945
Czech Republic,CZE,2003,75.3,1828.258
Czech Republic,CZE,2004,75.9,1868.544
Czech Republic,CZE,2005,76.1,1954.668
Czech Republic,CZE,2006,76.7,1988.406
Czech Republic,CZE,2007,77,2034.729
Czech Republic,CZE,2008,77.3,2136.472
Czech Republic,CZE,2009,77.4,2346.985
Czech Republic,CZE,2010,77.7,2463.986
Czech Republic,CZE,2011,78,2453.67
Czech Republic,CZE,2012,78.1,2438.375
Czech Republic,CZE,2013,78.3,2423.476
Czech Republic,CZE,2014,78.9,2545.265
Czech Republic,CZE,2015,78.7,2606.66
Czech Republic,CZE,2016,79.1,2709.591
Czech Republic,CZE,2017,79.1,2784.625
Czech Republic,CZE,2018,79.1,2884.265
Czech Republic,CZE,2019,79.3,3025.382
Czech Republic,CZE,2020,78.2,3477.779
Czech Republic,CZE,2021,77.2,3779.673
Czech Republic,CZE,2022,79,3365.282
Czech Republic,CZE,2023,80,3227.818
Germany,DEU,1960,69.2,NA
Germany,DEU,1961,69.8,NA
Germany,DEU,1962,70,NA
Germany,DEU,1963,70.1,NA
Germany,DEU,1964,70.7,NA
Germany,DEU,1965,70.6,NA
Germany,DEU,1966,70.8,NA
Germany,DEU,1967,71,NA
Germany,DEU,1968,70.6,NA
Germany,DEU,1969,70.5,NA
Germany,DEU,1970,70.7,1406.589
Germany,DEU,1971,70.9,1580.923
Germany,DEU,1972,71.2,1713.673
Germany,DEU,1973,71.4,1848.358
Germany,DEU,1974,71.7,1978.795
Germany,DEU,1975,71.5,2144.562
Germany,DEU,1976,72,2255.13
Germany,DEU,1977,72.6,2319.061
Germany,DEU,1978,72.6,2444.398
Germany,DEU,1979,73,2468.133
Germany,DEU,1980,73.1,2529.262
Germany,DEU,1981,73.4,2592.601
Germany,DEU,1982,73.7,2524.144
Germany,DEU,1983,74,2559.17
Germany,DEU,1984,74.5,2666.569
Germany,DEU,1985,74.6,2793.245
Germany,DEU,1986,74.8,2919.095
Germany,DEU,1987,75.2,3018.901
Germany,DEU,1988,75.4,3175.647
Germany,DEU,1989,75.6,3006.788
Germany,DEU,1990,75.4,3111.513
Germany,DEU,1991,75.7,NA
Germany,DEU,1992,76.2,3281.016
Germany,DEU,1993,76.2,3234.013
Germany,DEU,1994,76.6,3397.822
Germany,DEU,1995,76.7,3571.189
Germany,DEU,1996,77,3705.981
Germany,DEU,1997,77.4,3714.129
Germany,DEU,1998,77.8,3821.041
Germany,DEU,1999,78,3905.328
Germany,DEU,2000,78.3,3996.437
Germany,DEU,2001,78.6,4039.885
Germany,DEU,2002,78.6,4137.83
Germany,DEU,2003,78.6,4198.632
Germany,DEU,2004,79.3,4155.693
Germany,DEU,2005,79.4,4235.908
Germany,DEU,2006,79.9,4313.138
Germany,DEU,2007,80.1,4399.596
Germany,DEU,2008,80.2,4508.684
Germany,DEU,2009,80.3,4740.473
Germany,DEU,2010,80.5,4840.343
Germany,DEU,2011,80.6,4859.456
Germany,DEU,2012,80.7,4909.321
Germany,DEU,2013,80.6,4992.68
Germany,DEU,2014,81.2,5129.092
Germany,DEU,2015,80.7,5299.011
Germany,DEU,2016,81,5431.201
Germany,DEU,2017,81.1,5586.037
Germany,DEU,2018,81,5715.314
Germany,DEU,2019,81.3,5915.137
Germany,DEU,2020,81.1,6212.168
Germany,DEU,2021,80.8,6516.938
Germany,DEU,2022,80.7,6391.887
Germany,DEU,2023,NA,5971.327
Denmark,DNK,1960,72.4,NA
Denmark,DNK,1967,72.6,NA
Denmark,DNK,1968,73,NA
Denmark,DNK,1969,73.2,NA
Denmark,DNK,1970,73.3,NA
Denmark,DNK,1971,73.3,1820.143
Denmark,DNK,1972,73.4,1918.063
Denmark,DNK,1973,73.6,1955.005
Denmark,DNK,1974,73.9,2051.666
Denmark,DNK,1975,74.2,2099.485
Denmark,DNK,1976,73.8,2188.272
Denmark,DNK,1977,74.7,2170.728
Denmark,DNK,1978,74.5,2266.079
Denmark,DNK,1979,74.3,2331.052
Denmark,DNK,1980,74.2,2271.093
Denmark,DNK,1981,74.3,2278.274
Denmark,DNK,1982,74.7,2365.771
Denmark,DNK,1983,74.5,2381.615
Denmark,DNK,1984,74.7,2341.315
Denmark,DNK,1985,74.5,2440.044
Denmark,DNK,1986,74.7,2517.971
Denmark,DNK,1987,74.8,2613.233
Denmark,DNK,1988,74.9,2642.021
Denmark,DNK,1989,74.9,2618.314
Denmark,DNK,1990,74.9,2657.953
Denmark,DNK,1991,75.3,2645.543
Denmark,DNK,1992,75.3,2696.533
Denmark,DNK,1993,75.2,2786.721
Denmark,DNK,1994,75.5,2832.574
Denmark,DNK,1995,75.3,2786.616
Denmark,DNK,1996,75.7,2880.99
Denmark,DNK,1997,76.1,2926.779
Denmark,DNK,1998,76.5,2890.417
Denmark,DNK,1999,76.6,3265.165
Denmark,DNK,2000,76.9,3297.114
Denmark,DNK,2001,77,3450.601
Denmark,DNK,2002,77.1,3563.805
Denmark,DNK,2003,77.4,3649.977
Denmark,DNK,2004,77.8,3800.012
Denmark,DNK,2005,78.3,3956.523
Denmark,DNK,2006,78.4,4129.641
Denmark,DNK,2007,78.4,4238.263
Denmark,DNK,2008,78.8,4329.804
Denmark,DNK,2009,79,4530.769
Denmark,DNK,2010,79.3,4613.877
Denmark,DNK,2011,79.9,4533.208
Denmark,DNK,2012,80.2,4590.537
Denmark,DNK,2013,80.4,4542.648
Denmark,DNK,2014,80.7,4616.685
Denmark,DNK,2015,80.8,4723.649
Denmark,DNK,2016,80.9,4791.088
Denmark,DNK,2017,81.1,4834.528
Denmark,DNK,2018,81,4892.558
Denmark,DNK,2019,81.5,4980.55
Denmark,DNK,2020,81.6,5171.28
Denmark,DNK,2021,81.5,5562.765
Denmark,DNK,2022,81.3,5070.377
Denmark,DNK,2023,81.9,4812.307
Spain,ESP,1960,69.8,NA
Spain,ESP,1970,72,465.92
Spain,ESP,1971,NA,547.691
Spain,ESP,1972,NA,622.096
Spain,ESP,1973,NA,651.51
Spain,ESP,1974,NA,731.156
Spain,ESP,1975,73.4,763.621
Spain,ESP,1976,73.7,865.162
Spain,ESP,1977,74.2,922.596
Spain,ESP,1978,74.4,943.68
Spain,ESP,1979,75,929.421
Spain,ESP,1980,75.5,935.868
Spain,ESP,1981,75.7,938.502
Spain,ESP,1982,76.3,958.187
Spain,ESP,1983,76.1,994.031
Spain,ESP,1984,76.4,976.087
Spain,ESP,1985,76.4,976.446
Spain,ESP,1986,76.7,1013.233
Spain,ESP,1987,76.9,1085.142
Spain,ESP,1988,76.9,1276.823
Spain,ESP,1989,77,1367.721
Spain,ESP,1990,76.9,1508.375
Spain,ESP,1991,77.1,1595.662
Spain,ESP,1992,77.6,1693.326
Spain,ESP,1993,77.7,1733.511
Spain,ESP,1994,78,1737.175
Spain,ESP,1995,78.1,1820.318
Spain,ESP,1996,78.3,1875.557
Spain,ESP,1997,78.8,1902.851
Spain,ESP,1998,78.8,1981.46
Spain,ESP,1999,78.8,2073.13
Spain,ESP,2000,79.3,2123.24
Spain,ESP,2001,79.8,2198.003
Spain,ESP,2002,79.8,2260.045
Spain,ESP,2003,79.7,2559.369
Spain,ESP,2004,80.4,2639.013
Spain,ESP,2005,80.3,2737.147
Spain,ESP,2006,81.1,2849.916
Spain,ESP,2007,81.1,2931.846
Spain,ESP,2008,81.5,3041.192
Spain,ESP,2009,81.9,3175.518
Spain,ESP,2010,82.4,3131.489
Spain,ESP,2011,82.6,3054.576
Spain,ESP,2012,82.5,2915.98
Spain,ESP,2013,83.2,2842.825
Spain,ESP,2014,83.3,2885.346
Spain,ESP,2015,83,3022.368
Spain,ESP,2016,83.5,3056.743
Spain,ESP,2017,83.4,3135.453
Spain,ESP,2018,83.5,3202.343
Spain,ESP,2019,84,3294.679
Spain,ESP,2020,82.4,3448.534
Spain,ESP,2021,83.3,3541.754
Spain,ESP,2022,83.2,3442.192
Spain,ESP,2023,84,NA
Estonia,EST,1960,69.4,NA
Estonia,EST,1961,69.7,NA
Estonia,EST,1962,69.8,NA
Estonia,EST,1963,69.9,NA
Estonia,EST,1964,70.8,NA
Estonia,EST,1965,70.8,NA
Estonia,EST,1966,70.7,NA
Estonia,EST,1967,71,NA
Estonia,EST,1968,70.6,NA
Estonia,EST,1969,70.2,NA
Estonia,EST,1970,70.4,NA
Estonia,EST,1971,70.6,NA
Estonia,EST,1972,70.4,NA
Estonia,EST,1973,70.7,NA
Estonia,EST,1974,70.9,NA
Estonia,EST,1975,70.2,NA
Estonia,EST,1976,69.8,NA
Estonia,EST,1977,69.9,NA
Estonia,EST,1978,69.7,NA
Estonia,EST,1979,69.4,NA
Estonia,EST,1980,69.5,NA
Estonia,EST,1981,69.3,NA
Estonia,EST,1982,69.9,NA
Estonia,EST,1983,69.8,NA
Estonia,EST,1984,69.6,NA
Estonia,EST,1985,69.8,NA
Estonia,EST,1986,70.9,NA
Estonia,EST,1987,70.9,NA
Estonia,EST,1988,71,NA
Estonia,EST,1989,70.5,NA
Estonia,EST,1990,69.9,NA
Estonia,EST,1991,69.8,NA
Estonia,EST,1992,69.1,NA
Estonia,EST,1993,68.1,NA
Estonia,EST,1994,66.6,NA
Estonia,EST,1995,67.7,NA
Estonia,EST,1996,69.9,NA
Estonia,EST,1997,70.1,NA
Estonia,EST,1998,69.7,NA
Estonia,EST,1999,70.6,778.72
Estonia,EST,2000,71.1,771.321
Estonia,EST,2001,70.9,760.118
Estonia,EST,2002,71.4,812.127
Estonia,EST,2003,71.9,977.092
Estonia,EST,2004,72.4,1095.136
Estonia,EST,2005,73,1212.853
Estonia,EST,2006,73.2,1293.002
Estonia,EST,2007,73.2,1506.405
Estonia,EST,2008,74.4,1615.268
Estonia,EST,2009,75.3,1597.828
Estonia,EST,2010,76,1562.696
Estonia,EST,2011,76.6,1559.56
Estonia,EST,2012,76.7,1623.243
Estonia,EST,2013,77.5,1713.71
Estonia,EST,2014,77.4,1815.827
Estonia,EST,2015,78,1941.591
Estonia,EST,2016,78,2030.575
Estonia,EST,2017,78.4,2094.031
Estonia,EST,2018,78.5,2204.848
Estonia,EST,2019,79,2318.937
Estonia,EST,2020,78.9,2552.462
Estonia,EST,2021,77.2,2759.129
Estonia,EST,2022,78.1,2524.994
Estonia,EST,2023,78.8,2558.013
Finland,FIN,1960,69,NA
Finland,FIN,1963,69,NA
Finland,FIN,1968,69.8,NA
Finland,FIN,1970,70.8,905.615
Finland,FIN,1971,70.1,986.353
Finland,FIN,1972,70.7,1071.829
Finland,FIN,1973,71.2,1122.325
Finland,FIN,1974,71.2,1159.006
Finland,FIN,1975,71.7,1248.346
Finland,FIN,1976,72,1331.144
Finland,FIN,1977,72.4,1361.343
Finland,FIN,1978,73,1383.626
Finland,FIN,1979,73.2,1450.056
Finland,FIN,1980,73.7,1486.965
Finland,FIN,1981,74,1534.872
Finland,FIN,1982,74.6,1595.128
Finland,FIN,1983,74.5,1656.742
Finland,FIN,1984,74.9,1729.894
Finland,FIN,1985,74.5,1881.108
Finland,FIN,1986,74.9,1972.487
Finland,FIN,1987,74.9,2094.102
Finland,FIN,1988,74.8,2191.281
Finland,FIN,1989,75,2314.016
Finland,FIN,1990,75.1,2463.678
Finland,FIN,1991,75.5,2549.405
Finland,FIN,1992,75.7,2451.575
Finland,FIN,1993,75.9,2198.03
Finland,FIN,1994,76.7,2138.492
Finland,FIN,1995,76.7,2314.115
Finland,FIN,1996,77,2396.402
Finland,FIN,1997,77.2,2432.194
Finland,FIN,1998,77.4,2475.078
Finland,FIN,1999,77.6,2553.615
Finland,FIN,2000,77.8,2772.223
Finland,FIN,2001,78.2,2901.563
Finland,FIN,2002,78.3,3056.9
Finland,FIN,2003,78.6,3192.424
Finland,FIN,2004,79,3346.994
Finland,FIN,2005,79.1,3507.852
Finland,FIN,2006,79.5,3598.028
Finland,FIN,2007,79.6,3695.191
Finland,FIN,2008,79.9,3794.944
Finland,FIN,2009,80.1,3793.865
Finland,FIN,2010,80.2,3839.271
Finland,FIN,2011,80.6,3921.543
Finland,FIN,2012,80.7,3990.473
Finland,FIN,2013,81.1,4031.567
Finland,FIN,2014,81.3,4000.195
Finland,FIN,2015,81.6,3992.495
Finland,FIN,2016,81.5,3989.827
Finland,FIN,2017,81.7,3999.578
Finland,FIN,2018,81.8,4027.918
Finland,FIN,2019,82.1,4141.837
Finland,FIN,2020,82,4261.434
Finland,FIN,2021,81.9,4468.077
Finland,FIN,2022,81.2,4426.367
Finland,FIN,2023,81.7,NA
France,FRA,1960,70.3,NA
France,FRA,1961,71,NA
France,FRA,1962,70.5,NA
France,FRA,1963,70.5,NA
France,FRA,1964,71.4,NA
France,FRA,1965,71.3,NA
France,FRA,1966,71.5,NA
France,FRA,1967,71.5,NA
France,FRA,1968,71.5,NA
France,FRA,1969,71.3,NA
France,FRA,1970,72.2,1049.472
France,FRA,1971,72.1,NA
France,FRA,1972,72.4,NA
France,FRA,1973,72.5,NA
France,FRA,1974,72.8,NA
France,FRA,1975,73,1460.891
France,FRA,1976,73.2,NA
France,FRA,1977,73.8,NA
France,FRA,1978,73.9,NA
France,FRA,1979,74.2,NA
France,FRA,1980,74.3,1832.924
France,FRA,1981,74.5,NA
France,FRA,1982,74.8,NA
France,FRA,1983,74.8,NA
France,FRA,1984,75.3,NA
France,FRA,1985,75.4,2149.158
France,FRA,1986,75.7,NA
France,FRA,1987,76.3,NA
France,FRA,1988,76.6,NA
France,FRA,1989,76.7,NA
France,FRA,1990,77,2624.484
France,FRA,1991,77.2,2642.821
France,FRA,1992,77.5,2725.547
France,FRA,1993,77.5,2823.66
France,FRA,1994,78,2865.831
France,FRA,1995,78.1,3244.742
France,FRA,1996,78.2,3271.109
France,FRA,1997,78.6,3285.861
France,FRA,1998,78.7,3369.055
France,FRA,1999,78.9,3471.893
France,FRA,2000,79.2,3529.011
France,FRA,2001,79.3,3616.083
France,FRA,2002,79.4,3765.643
France,FRA,2003,79.3,3787.846
France,FRA,2004,80.3,3882.29
France,FRA,2005,80.3,3935.832
France,FRA,2006,80.9,4073.283
France,FRA,2007,81.3,4139.282
France,FRA,2008,81.4,4191.129
France,FRA,2009,81.5,4395.801
France,FRA,2010,81.8,4434.058
France,FRA,2011,82.3,4466.341
France,FRA,2012,82.1,4502.045
France,FRA,2013,82.4,4549.807
France,FRA,2014,82.9,4627.301
France,FRA,2015,82.4,4669.286
France,FRA,2016,82.7,4748.564
France,FRA,2017,82.7,4779.291
France,FRA,2018,82.8,4764.442
France,FRA,2019,83,4806.803
France,FRA,2020,82.3,4816.838
France,FRA,2021,82.4,5228.495
France,FRA,2022,82.3,5133.357
France,FRA,2023,83.1,NA
United Kingdom,GBR,1960,70.8,NA
United Kingdom,GBR,1961,70.7,NA
United Kingdom,GBR,1970,71.9,603.89
United Kingdom,GBR,1971,71.9,624.749
United Kingdom,GBR,1972,NA,663.44
United Kingdom,GBR,1973,NA,691.126
United Kingdom,GBR,1974,NA,760.765
United Kingdom,GBR,1975,NA,804.302
United Kingdom,GBR,1976,NA,826.84
United Kingdom,GBR,1977,NA,827.84
United Kingdom,GBR,1978,NA,867.131
United Kingdom,GBR,1979,NA,889.937
United Kingdom,GBR,1980,73.6,948.801
United Kingdom,GBR,1981,73.9,980.873
United Kingdom,GBR,1982,74,959.575
United Kingdom,GBR,1983,74.3,1030.174
United Kingdom,GBR,1984,74.6,1029.794
United Kingdom,GBR,1985,74.5,1047.884
United Kingdom,GBR,1986,74.8,1078.988
United Kingdom,GBR,1987,75.1,1146.81
United Kingdom,GBR,1988,75.2,1196.868
United Kingdom,GBR,1989,75.4,1232.13
United Kingdom,GBR,1990,75.7,1247.805
United Kingdom,GBR,1991,75.9,1299.179
United Kingdom,GBR,1992,76.2,1396.156
United Kingdom,GBR,1993,76.1,1457.149
United Kingdom,GBR,1994,76.7,1517.406
United Kingdom,GBR,1995,76.6,1535.506
United Kingdom,GBR,1996,76.8,1574.836
United Kingdom,GBR,1997,77,2017.36
United Kingdom,GBR,1998,77.2,2111.01
United Kingdom,GBR,1999,77.4,2216.969
United Kingdom,GBR,2000,77.8,2332.587
United Kingdom,GBR,2001,78,2489.186
United Kingdom,GBR,2002,78.2,2679.945
United Kingdom,GBR,2003,78.3,2831.564
United Kingdom,GBR,2004,78.8,2984.935
United Kingdom,GBR,2005,79,3080.859
United Kingdom,GBR,2006,79.3,3168.44
United Kingdom,GBR,2007,79.5,3319.542
United Kingdom,GBR,2008,79.6,3366.32
United Kingdom,GBR,2009,80.1,3487.528
United Kingdom,GBR,2010,80.4,3536.716
United Kingdom,GBR,2011,80.7,3516.433
United Kingdom,GBR,2012,80.8,3583.618
United Kingdom,GBR,2013,80.9,3665.687
United Kingdom,GBR,2014,81.1,3732.847
United Kingdom,GBR,2015,80.9,3800.465
United Kingdom,GBR,2016,81,3841.31
United Kingdom,GBR,2017,81.1,3865.071
United Kingdom,GBR,2018,81.1,3945.88
United Kingdom,GBR,2019,81.4,4089.116
United Kingdom,GBR,2020,80.4,4370.909
United Kingdom,GBR,2021,NA,4785.934
United Kingdom,GBR,2022,NA,4523.791
United Kingdom,GBR,2023,NA,4443.71
Greece,GRC,1961,72.1,NA
Greece,GRC,1962,71.7,NA
Greece,GRC,1963,72,NA
Greece,GRC,1964,71.8,NA
Greece,GRC,1965,72.4,NA
Greece,GRC,1966,72.6,NA
Greece,GRC,1967,72.4,NA
Greece,GRC,1968,72.4,NA
Greece,GRC,1969,73,NA
Greece,GRC,1970,73.8,NA
Greece,GRC,1971,74.2,NA
Greece,GRC,1972,73.8,NA
Greece,GRC,1973,74.1,NA
Greece,GRC,1974,74.6,NA
Greece,GRC,1975,74.4,NA
Greece,GRC,1976,74.5,NA
Greece,GRC,1977,74.7,NA
Greece,GRC,1978,75.3,NA
Greece,GRC,1979,75.5,NA
Greece,GRC,1980,75.3,NA
Greece,GRC,1981,75.7,NA
Greece,GRC,1982,75.9,NA
Greece,GRC,1983,75.7,NA
Greece,GRC,1984,76.2,NA
Greece,GRC,1985,76,NA
Greece,GRC,1986,76.4,NA
Greece,GRC,1987,76.2,NA
Greece,GRC,1988,76.8,1150.652
Greece,GRC,1989,77,1314.241
Greece,GRC,1990,77.1,1321.981
Greece,GRC,1991,77.3,1315.179
Greece,GRC,1992,77.2,1427.14
Greece,GRC,1993,77.6,1570.654
Greece,GRC,1994,77.8,1752.047
Greece,GRC,1995,77.8,1792.099
Greece,GRC,1996,77.9,1817.535
Greece,GRC,1997,78.4,1860.564
Greece,GRC,1998,78.3,1896.226
Greece,GRC,1999,78.5,2003.814
Greece,GRC,2000,78.6,1904.204
Greece,GRC,2001,79.1,2182.303
Greece,GRC,2002,79.2,2341.367
Greece,GRC,2003,79.3,2551.716
Greece,GRC,2004,79.4,2550.261
Greece,GRC,2005,79.6,2686.69
Greece,GRC,2006,79.9,2736.489
Greece,GRC,2007,79.7,2862.096
Greece,GRC,2008,80.2,2978.891
Greece,GRC,2009,80.4,3048.815
Greece,GRC,2010,80.6,2964.499
Greece,GRC,2011,80.8,2529.111
Greece,GRC,2012,80.7,2274.202
Greece,GRC,2013,81.4,2113.634
Greece,GRC,2014,81.5,2005.093
Greece,GRC,2015,81.1,2122.934
Greece,GRC,2016,81.5,2188.036
Greece,GRC,2017,81.4,2128.62
Greece,GRC,2018,81.9,2155.339
Greece,GRC,2019,81.7,2219.016
Greece,GRC,2020,81.4,2348.357
Greece,GRC,2021,80.2,2491.552
Greece,GRC,2022,80.8,2529.4
Greece,GRC,2023,81.6,NA
Hungary,HUN,1960,68.1,NA
Hungary,HUN,1961,69,NA
Hungary,HUN,1962,67.9,NA
Hungary,HUN,1963,69,NA
Hungary,HUN,1964,69.5,NA
Hungary,HUN,1965,69.2,NA
Hungary,HUN,1966,69.9,NA
Hungary,HUN,1967,69.5,NA
Hungary,HUN,1968,69.3,NA
Hungary,HUN,1969,69.4,NA
Hungary,HUN,1970,69.2,NA
Hungary,HUN,1971,69.1,NA
Hungary,HUN,1972,69.8,NA
Hungary,HUN,1973,69.6,NA
Hungary,HUN,1974,69.3,NA
Hungary,HUN,1975,69.4,NA
Hungary,HUN,1976,69.7,NA
Hungary,HUN,1977,69.9,NA
Hungary,HUN,1978,69.4,NA
Hungary,HUN,1979,69.7,NA
Hungary,HUN,1980,69.1,NA
Hungary,HUN,1981,69.2,NA
Hungary,HUN,1982,69.4,NA
Hungary,HUN,1983,69,NA
Hungary,HUN,1984,69.1,NA
Hungary,HUN,1985,69.1,NA
Hungary,HUN,1986,69.3,NA
Hungary,HUN,1987,69.8,NA
Hungary,HUN,1988,70.2,NA
Hungary,HUN,1989,69.5,NA
Hungary,HUN,1990,69.4,NA
Hungary,HUN,1991,69.4,1078.144
Hungary,HUN,1992,69.2,1115.689
Hungary,HUN,1993,69.2,1124.062
Hungary,HUN,1994,69.6,1236.734
Hungary,HUN,1995,70,1140.79
Hungary,HUN,1996,70.6,1128.701
Hungary,HUN,1997,71.1,1117.713
Hungary,HUN,1998,71,1219.398
Hungary,HUN,1999,71.1,1283.968
Hungary,HUN,2000,71.9,1309.58
Hungary,HUN,2001,72.5,1394.86
Hungary,HUN,2002,72.6,1541.873
Hungary,HUN,2003,72.6,1827.492
Hungary,HUN,2004,73,1835.249
Hungary,HUN,2005,73,1950.395
Hungary,HUN,2006,73.5,1982.007
Hungary,HUN,2007,73.6,1825.293
Hungary,HUN,2008,74.2,1803.945
Hungary,HUN,2009,74.4,1732.471
Hungary,HUN,2010,74.7,1800.032
Hungary,HUN,2011,75.1,1836.486
Hungary,HUN,2012,75.3,1768.77
Hungary,HUN,2013,75.8,1787.088
Hungary,HUN,2014,76,1843.415
Hungary,HUN,2015,75.7,1891.248
Hungary,HUN,2016,76.2,1973.285
Hungary,HUN,2017,76,1992.278
Hungary,HUN,2018,76.2,2070.484
Hungary,HUN,2019,76.5,2077.868
Hungary,HUN,2020,75.7,2332.142
Hungary,HUN,2021,74.3,2523.59
Hungary,HUN,2022,76,2423.369
Hungary,HUN,2023,76.9,2310.997
Ireland,IRL,1960,70,NA
Ireland,IRL,1970,71.2,527.674
Ireland,IRL,1971,NA,647.366
Ireland,IRL,1972,NA,710.007
Ireland,IRL,1973,NA,773.538
Ireland,IRL,1974,NA,786.287
Ireland,IRL,1975,NA,842.888
Ireland,IRL,1976,NA,827.885
Ireland,IRL,1977,NA,835.902
Ireland,IRL,1978,71.5,953.703
Ireland,IRL,1979,72.3,1006.798
Ireland,IRL,1980,72.9,1096.821
Ireland,IRL,1981,72.9,1039.68
Ireland,IRL,1982,72.9,1033.109
Ireland,IRL,1983,NA,1041.102
Ireland,IRL,1984,NA,1044.746
Ireland,IRL,1985,73.4,1078.437
Ireland,IRL,1986,73.5,1079.009
Ireland,IRL,1987,74.3,1075.72
Ireland,IRL,1988,74.4,1075.829
Ireland,IRL,1989,74.4,1089.977
Ireland,IRL,1990,74.8,1121.346
Ireland,IRL,1991,75,1210.639
Ireland,IRL,1992,75.4,1288.272
Ireland,IRL,1993,75.3,1356.324
Ireland,IRL,1994,75.8,1393.659
Ireland,IRL,1995,75.5,1483.514
Ireland,IRL,1996,75.8,1523.022
Ireland,IRL,1997,76,1661.18
Ireland,IRL,1998,76.2,1766.712
Ireland,IRL,1999,76.1,1934.925
Ireland,IRL,2000,76.6,2250.545
Ireland,IRL,2001,77.2,2580.377
Ireland,IRL,2002,77.7,2793.774
Ireland,IRL,2003,78.2,2965.521
Ireland,IRL,2004,78.6,3144.658
Ireland,IRL,2005,79,3481.877
Ireland,IRL,2006,79.3,3528.912
Ireland,IRL,2007,79.7,3663.22
Ireland,IRL,2008,80.2,3888.055
Ireland,IRL,2009,80.2,4233.193
Ireland,IRL,2010,80.8,4233.713
Ireland,IRL,2011,80.9,4300.786
Ireland,IRL,2012,80.9,4340.881
Ireland,IRL,2013,81,4248.957
Ireland,IRL,2014,81.4,4208.918
Ireland,IRL,2015,81.5,4322.198
Ireland,IRL,2016,81.7,4451.577
Ireland,IRL,2017,82.2,4557.278
Ireland,IRL,2018,82.2,4679.357
Ireland,IRL,2019,82.8,4824.447
Ireland,IRL,2020,82.6,5231.016
Ireland,IRL,2021,82.4,5424.068
Ireland,IRL,2022,82.6,5420.512
Ireland,IRL,2023,NA,5252.842
Iceland,ISL,1961,73.5,NA
Iceland,ISL,1962,73.7,NA
Iceland,ISL,1963,73,NA
Iceland,ISL,1964,73.5,NA
Iceland,ISL,1965,73.8,NA
Iceland,ISL,1966,73.3,NA
Iceland,ISL,1967,73.8,NA
Iceland,ISL,1968,74,NA
Iceland,ISL,1969,73.7,NA
Iceland,ISL,1970,73.8,784.578
Iceland,ISL,1971,73.5,1002.375
Iceland,ISL,1972,74.4,1060.422
Iceland,ISL,1973,74.4,1065.489
Iceland,ISL,1974,74.4,1269.513
Iceland,ISL,1975,75.5,1243.344
Iceland,ISL,1976,76.9,1250.9
Iceland,ISL,1977,76.3,1391.795
Iceland,ISL,1978,76.6,1607.655
Iceland,ISL,1979,NA,1817.047
Iceland,ISL,1980,76.8,1725.711
Iceland,ISL,1981,76.4,1804.039
Iceland,ISL,1982,77,1921.104
Iceland,ISL,1983,76.7,1960.294
Iceland,ISL,1984,77.6,1845.067
Iceland,ISL,1985,77.6,1935.641
Iceland,ISL,1986,78,2258.545
Iceland,ISL,1987,77.3,2579.83
Iceland,ISL,1988,77.1,2696.358
Iceland,ISL,1989,78.2,2517.146
Iceland,ISL,1990,78.1,2437.115
Iceland,ISL,1991,78,2486.941
Iceland,ISL,1992,78.8,2424.643
Iceland,ISL,1993,79,2410.905
Iceland,ISL,1994,79.3,2436.148
Iceland,ISL,1995,78,2466.033
Iceland,ISL,1996,78.8,2548.307
Iceland,ISL,1997,78.9,2641.947
Iceland,ISL,1998,79.7,3096.147
Iceland,ISL,1999,79.4,3314.613
Iceland,ISL,2000,79.7,3398.056
Iceland,ISL,2001,80.7,3441.119
Iceland,ISL,2002,80.6,3649.42
Iceland,ISL,2003,81,3769.347
Iceland,ISL,2004,81.1,3834.26
Iceland,ISL,2005,81.5,3897.791
Iceland,ISL,2006,81.2,3915.553
Iceland,ISL,2007,81.5,4005.145
Iceland,ISL,2008,81.6,3971.825
Iceland,ISL,2009,81.8,3723.467
Iceland,ISL,2010,81.9,3544.128
Iceland,ISL,2011,82.4,3536.402
Iceland,ISL,2012,83,3471.762
Iceland,ISL,2013,82.1,3524.207
Iceland,ISL,2014,82.9,3587.333
Iceland,ISL,2015,82.5,3761.737
Iceland,ISL,2016,82.2,3938.903
Iceland,ISL,2017,82.6,4107.188
Iceland,ISL,2018,82.9,4220.683
Iceland,ISL,2019,83.2,4306.236
Iceland,ISL,2020,83.1,4415.01
Iceland,ISL,2021,83.2,4673.694
Iceland,ISL,2022,82.1,4710.117
Iceland,ISL,2023,82.6,4652.947
Israel,ISR,1971,71.8,NA
Israel,ISR,1972,71.5,NA
Israel,ISR,1973,71.7,NA
Israel,ISR,1974,71.7,NA
Israel,ISR,1975,72.1,NA
Israel,ISR,1976,73,NA
Israel,ISR,1977,73,NA
Israel,ISR,1978,73.3,NA
Israel,ISR,1979,73.6,NA
Israel,ISR,1980,73.9,NA
Israel,ISR,1981,74.3,NA
Israel,ISR,1982,74.2,NA
Israel,ISR,1983,74.5,NA
Israel,ISR,1984,75,NA
Israel,ISR,1985,75.4,NA
Israel,ISR,1986,75.1,NA
Israel,ISR,1987,75.4,NA
Israel,ISR,1988,75.6,NA
Israel,ISR,1989,76.2,NA
Israel,ISR,1990,76.7,NA
Israel,ISR,1991,76.8,NA
Israel,ISR,1992,76.6,NA
Israel,ISR,1993,77.2,NA
Israel,ISR,1994,77.4,NA
Israel,ISR,1995,77.4,1551.113
Israel,ISR,1996,78.1,1638.152
Israel,ISR,1997,78.1,1719.6
Israel,ISR,1998,78.2,1756.345
Israel,ISR,1999,78.5,1710.693
Israel,ISR,2000,78.8,1814.982
Israel,ISR,2001,79.3,1893.616
Israel,ISR,2002,79.6,1838.461
Israel,ISR,2003,79.8,1801.669
Israel,ISR,2004,80.3,1833.259
Israel,ISR,2005,80.3,1895.198
Israel,ISR,2006,80.7,1893.193
Israel,ISR,2007,80.7,1958.948
Israel,ISR,2008,81.1,1964.829
Israel,ISR,2009,81.5,2006.038
Israel,ISR,2010,81.7,2037.778
Israel,ISR,2011,81.8,2062.145
Israel,ISR,2012,81.8,2138.151
Israel,ISR,2013,82.1,2179.069
Israel,ISR,2014,82.2,2250.871
Israel,ISR,2015,82.2,2310.019
Israel,ISR,2016,82.5,2412.323
Israel,ISR,2017,82.7,2482.093
Israel,ISR,2018,82.9,2545.766
Israel,ISR,2019,82.9,2603.475
Israel,ISR,2020,82.7,2715.914
Israel,ISR,2021,82.6,2917.276
Israel,ISR,2022,82.8,2936.713
Italy,ITA,1961,69.8,NA
Italy,ITA,1971,72,NA
Italy,ITA,1974,72.6,NA
Italy,ITA,1975,72.7,NA
Italy,ITA,1976,72.8,NA
Italy,ITA,1977,73.4,NA
Italy,ITA,1978,73.8,NA
Italy,ITA,1979,74.1,NA
Italy,ITA,1980,74,NA
Italy,ITA,1981,74.3,NA
Italy,ITA,1982,74.7,NA
Italy,ITA,1983,74.8,NA
Italy,ITA,1984,75,NA
Italy,ITA,1985,75.6,NA
Italy,ITA,1986,75.9,NA
Italy,ITA,1987,76.3,NA
Italy,ITA,1988,76.5,2060.03
Italy,ITA,1989,77,2103.32
Italy,ITA,1990,77.1,2284.995
Italy,ITA,1991,77.1,2405.897
Italy,ITA,1992,77.5,2368.552
Italy,ITA,1993,77.8,2301.751
Italy,ITA,1994,78,2278.19
Italy,ITA,1995,78.3,2312.664
Italy,ITA,1996,78.7,2376.637
Italy,ITA,1997,79,2513.522
Italy,ITA,1998,79.1,2581.945
Italy,ITA,1999,79.6,2642.664
Italy,ITA,2000,79.9,2796.104
Italy,ITA,2001,80.3,2925.265
Italy,ITA,2002,80.4,2986.662
Italy,ITA,2003,80.1,2964.787
Italy,ITA,2004,80.9,3114.492
Italy,ITA,2005,80.9,3175.909
Italy,ITA,2006,81.4,3235.26
Italy,ITA,2007,81.6,3160.537
Italy,ITA,2008,81.7,3231.946
Italy,ITA,2009,81.8,3254.631
Italy,ITA,2010,82.2,3255.822
Italy,ITA,2011,82.4,3190.338
Italy,ITA,2012,82.4,3069.417
Italy,ITA,2013,82.9,3010.625
Italy,ITA,2014,83.2,3063.3
Italy,ITA,2015,82.7,3114.625
Italy,ITA,2016,83.4,3143.483
Italy,ITA,2017,83.1,3174.687
Italy,ITA,2018,83.4,3213.736
Italy,ITA,2019,83.6,3238.381
Italy,ITA,2020,82.3,3326.632
Italy,ITA,2021,82.7,3505.932
Italy,ITA,2022,82.8,3382.594
Italy,ITA,2023,83.8,3248.653
Japan,JPN,1960,67.8,NA
Japan,JPN,1961,68.4,NA
Japan,JPN,1962,68.7,NA
Japan,JPN,1963,69.8,NA
Japan,JPN,1964,70.3,NA
Japan,JPN,1965,70.3,NA
Japan,JPN,1966,71,NA
Japan,JPN,1967,71.5,NA
Japan,JPN,1968,71.7,NA
Japan,JPN,1969,71.9,NA
Japan,JPN,1970,72,876.279
Japan,JPN,1971,72.9,912.485
Japan,JPN,1972,73.2,995.537
Japan,JPN,1973,73.4,1047.808
Japan,JPN,1974,73.7,1119.3
Japan,JPN,1975,74.3,1213.055
Japan,JPN,1976,74.8,1228.098
Japan,JPN,1977,75.3,1293.081
Japan,JPN,1978,75.7,1394.3
Japan,JPN,1979,76.2,1477.341
Japan,JPN,1980,76.1,1576.499
Japan,JPN,1981,76.5,1632.684
Japan,JPN,1982,76.9,1701.138
Japan,JPN,1983,77,1754.756
Japan,JPN,1984,77.4,1761.693
Japan,JPN,1985,77.6,1866.125
Japan,JPN,1986,78.1,1917.699
Japan,JPN,1987,78.5,1980.165
Japan,JPN,1988,78.4,2016.452
Japan,JPN,1989,78.8,2034.459
Japan,JPN,1990,78.9,2076.524
Japan,JPN,1991,79.1,2150.448
Japan,JPN,1992,79.2,2248.761
Japan,JPN,1993,79.4,2331.639
Japan,JPN,1994,79.8,2434.63
Japan,JPN,1995,79.6,2372.599
Japan,JPN,1996,80.3,2360.19
Japan,JPN,1997,80.5,2469.388
Japan,JPN,1998,80.6,2513.192
Japan,JPN,1999,80.5,2623.705
Japan,JPN,2000,81.2,2743.482
Japan,JPN,2001,81.5,2827.47
Japan,JPN,2002,81.8,2869.357
Japan,JPN,2003,81.8,2947.926
Japan,JPN,2004,82.1,3015.52
Japan,JPN,2005,82,3103.422
Japan,JPN,2006,82.4,3132.228
Japan,JPN,2007,82.6,3202.328
Japan,JPN,2008,82.7,3240.373
Japan,JPN,2009,83,3433.473
Japan,JPN,2010,82.9,3591.725
Japan,JPN,2011,82.7,4113.839
Japan,JPN,2012,83.2,4242.314
Japan,JPN,2013,83.4,4325.866
Japan,JPN,2014,83.7,4360.78
Japan,JPN,2015,83.9,4515.556
Japan,JPN,2016,84.1,4546.422
Japan,JPN,2017,84.2,4607.043
Japan,JPN,2018,84.3,4653.489
Japan,JPN,2019,84.4,4752.801
Japan,JPN,2020,84.6,4703.099
Japan,JPN,2021,84.5,4807.428
Japan,JPN,2022,84.1,4878.778
"Korea, Republic of",KOR,1970,62.3,94.156
"Korea, Republic of",KOR,1971,62.7,85.804
"Korea, Republic of",KOR,1972,63.1,83.559
"Korea, Republic of",KOR,1973,63.5,81.419
"Korea, Republic of",KOR,1974,63.9,73.922
"Korea, Republic of",KOR,1975,64.2,113.041
"Korea, Republic of",KOR,1976,64.6,128.365
"Korea, Republic of",KOR,1977,65,132.665
"Korea, Republic of",KOR,1978,65.3,157.672
"Korea, Republic of",KOR,1979,65.6,217.924
"Korea, Republic of",KOR,1980,66.1,225.111
"Korea, Republic of",KOR,1981,66.7,242.478
"Korea, Republic of",KOR,1982,67.2,256.752
"Korea, Republic of",KOR,1983,67.7,279.962
"Korea, Republic of",KOR,1984,68.3,292.032
"Korea, Republic of",KOR,1985,68.9,314.237
"Korea, Republic of",KOR,1986,69.5,340.444
"Korea, Republic of",KOR,1987,70.1,371.359
"Korea, Republic of",KOR,1988,70.7,432.556
"Korea, Republic of",KOR,1989,71.2,522.811
"Korea, Republic of",KOR,1990,71.7,562.628
"Korea, Republic of",KOR,1991,72.2,577.186
"Korea, Republic of",KOR,1992,72.6,621.313
"Korea, Republic of",KOR,1993,73.1,640.547
"Korea, Republic of",KOR,1994,73.5,647.107
"Korea, Republic of",KOR,1995,73.8,704.768
"Korea, Republic of",KOR,1996,74.2,782.284
"Korea, Republic of",KOR,1997,74.7,791.303
"Korea, Republic of",KOR,1998,75.1,769.312
"Korea, Republic of",KOR,1999,75.5,862.649
"Korea, Republic of",KOR,2000,76,906.454
"Korea, Republic of",KOR,2001,76.5,1039.851
"Korea, Republic of",KOR,2002,76.8,1029.437
"Korea, Republic of",KOR,2003,77.3,1207.033
"Korea, Republic of",KOR,2004,77.8,1250.9
"Korea, Republic of",KOR,2005,78.2,1365.054
"Korea, Republic of",KOR,2006,78.8,1499.113
"Korea, Republic of",KOR,2007,79.2,1564.052
"Korea, Republic of",KOR,2008,79.6,1667.052
"Korea, Republic of",KOR,2009,80,1847.097
"Korea, Republic of",KOR,2010,80.2,2016.746
"Korea, Republic of",KOR,2011,80.6,2062.235
"Korea, Republic of",KOR,2012,80.9,2104.287
"Korea, Republic of",KOR,2013,81.4,2207.44
"Korea, Republic of",KOR,2014,81.8,2328.347
"Korea, Republic of",KOR,2015,82.1,2516.528
"Korea, Republic of",KOR,2016,82.4,2665.083
"Korea, Republic of",KOR,2017,82.7,2810.556
"Korea, Republic of",KOR,2018,82.7,3019.704
"Korea, Republic of",KOR,2019,83.3,3297.291
"Korea, Republic of",KOR,2020,83.5,3375.149
"Korea, Republic of",KOR,2021,83.6,3791.989
"Korea, Republic of",KOR,2022,NA,4107.457
"Korea, Republic of",KOR,2023,NA,4365.927
Lithuania,LTU,1970,71.1,NA
Lithuania,LTU,1971,72,NA
Lithuania,LTU,1972,71.3,NA
Lithuania,LTU,1973,71.6,NA
Lithuania,LTU,1974,71.6,NA
Lithuania,LTU,1975,71.1,NA
Lithuania,LTU,1976,71.1,NA
Lithuania,LTU,1977,71,NA
Lithuania,LTU,1978,70.7,NA
Lithuania,LTU,1979,70.6,NA
Lithuania,LTU,1980,70.5,NA
Lithuania,LTU,1981,70.5,NA
Lithuania,LTU,1982,70.9,NA
Lithuania,LTU,1983,70.8,NA
Lithuania,LTU,1984,70.3,NA
Lithuania,LTU,1985,70.6,NA
Lithuania,LTU,1986,72.3,NA
Lithuania,LTU,1987,72.2,NA
Lithuania,LTU,1988,72,NA
Lithuania,LTU,1989,71.7,NA
Lithuania,LTU,1990,71.5,NA
Lithuania,LTU,1991,70.6,NA
Lithuania,LTU,1992,70.5,NA
Lithuania,LTU,1993,69,NA
Lithuania,LTU,1994,68.6,NA
Lithuania,LTU,1995,69.1,NA
Lithuania,LTU,1996,70.3,NA
Lithuania,LTU,1997,71.1,NA
Lithuania,LTU,1998,71.4,NA
Lithuania,LTU,1999,71.8,NA
Lithuania,LTU,2000,72.1,822.395
Lithuania,LTU,2001,71.6,834.716
Lithuania,LTU,2002,71.8,918.701
Lithuania,LTU,2003,72,1035.112
Lithuania,LTU,2004,72,1018.097
Lithuania,LTU,2005,71.2,1179.435
Lithuania,LTU,2006,71,1345.521
Lithuania,LTU,2007,70.7,1519.417
Lithuania,LTU,2008,71.7,1681.529
Lithuania,LTU,2009,72.9,1575.841
Lithuania,LTU,2010,73.3,1535.946
Lithuania,LTU,2011,73.7,1598.514
Lithuania,LTU,2012,74.1,1633.032
Lithuania,LTU,2013,74.1,1675.617
Lithuania,LTU,2014,74.7,1777.566
Lithuania,LTU,2015,74.6,1917.092
Lithuania,LTU,2016,74.9,2040.58
Lithuania,LTU,2017,75.8,2108.452
Lithuania,LTU,2018,76,2237.037
Lithuania,LTU,2019,76.5,2493.049
Lithuania,LTU,2020,75.1,2628.939
Lithuania,LTU,2021,74.2,2916.982
Lithuania,LTU,2022,75.8,2740.47
Lithuania,LTU,2023,77.3,2671.249
Luxembourg,LUX,1960,69.4,NA
Luxembourg,LUX,1971,69.6,NA
Luxembourg,LUX,1972,70.8,NA
Luxembourg,LUX,1973,70.6,NA
Luxembourg,LUX,1974,70.7,NA
Luxembourg,LUX,1975,70.7,NA
Luxembourg,LUX,1976,70.7,1292.341
Luxembourg,LUX,1977,72.1,1364.199
Luxembourg,LUX,1978,72,1521.091
Luxembourg,LUX,1979,72.7,1598.298
Luxembourg,LUX,1980,72.8,1647.036
Luxembourg,LUX,1981,72.6,1654.321
Luxembourg,LUX,1982,72.7,1632.39
Luxembourg,LUX,1983,73.5,1628.112
Luxembourg,LUX,1984,73.3,1660.279
Luxembourg,LUX,1985,73.8,1702.962
Luxembourg,LUX,1986,74.7,1842.526
Luxembourg,LUX,1987,74.3,2055.134
Luxembourg,LUX,1988,75,2302.962
Luxembourg,LUX,1989,74.9,2461.684
Luxembourg,LUX,1990,75.7,2630.554
Luxembourg,LUX,1991,75.7,2671.32
Luxembourg,LUX,1992,75.3,2792.212
Luxembourg,LUX,1993,76,2965.716
Luxembourg,LUX,1994,76.7,2976.838
Luxembourg,LUX,1995,76.8,3291.662
Luxembourg,LUX,1996,76.8,3385.716
Luxembourg,LUX,1997,77.1,3398.404
Luxembourg,LUX,1998,77.3,3549.803
Luxembourg,LUX,1999,78,3960.508
Luxembourg,LUX,2000,78,4463.226
Luxembourg,LUX,2001,78,4786.054
Luxembourg,LUX,2002,78.1,5147.201
Luxembourg,LUX,2003,77.9,5315.573
Luxembourg,LUX,2004,79.2,5729.376
Luxembourg,LUX,2005,79.6,5752.037
Luxembourg,LUX,2006,79.4,5822.71
Luxembourg,LUX,2007,79.5,5725.245
Luxembourg,LUX,2008,80.7,5866.338
Luxembourg,LUX,2009,80.8,6363.155
Luxembourg,LUX,2010,80.8,6369.473
Luxembourg,LUX,2011,81.1,5263.139
Luxembourg,LUX,2012,81.5,4683.497
Luxembourg,LUX,2013,81.9,4698.04
Luxembourg,LUX,2014,82.3,4785.114
Luxembourg,LUX,2015,82.4,4692.302
Luxembourg,LUX,2016,82.7,4707.442
Luxembourg,LUX,2017,82.1,4711.392
Luxembourg,LUX,2018,82.3,4831.971
Luxembourg,LUX,2019,82.7,4998.695
Luxembourg,LUX,2020,82.2,5254.002
Luxembourg,LUX,2021,82.7,5633.53
Luxembourg,LUX,2022,83,5518.47
Luxembourg,LUX,2023,83.4,5497.399
Latvia,LVA,2000,NA,634.455
Latvia,LVA,2001,NA,722.868
Latvia,LVA,2002,70.2,777.112
Latvia,LVA,2003,70.6,801.015
Latvia,LVA,2004,70.9,987.637
Latvia,LVA,2005,70.6,1061.651
Latvia,LVA,2006,70.6,1190.812
Latvia,LVA,2007,70.8,1345.933
Latvia,LVA,2008,72.1,1289.318
Latvia,LVA,2009,72.8,1170.229
Latvia,LVA,2010,73.1,1170.255
Latvia,LVA,2011,73.9,1154.707
Latvia,LVA,2012,74.1,1191.332
Latvia,LVA,2013,74.3,1237.135
Latvia,LVA,2014,74.5,1295.427
Latvia,LVA,2015,74.8,1404.661
Latvia,LVA,2016,74.9,1569.445
Latvia,LVA,2017,74.9,1588.385
Latvia,LVA,2018,75.1,1734.698
Latvia,LVA,2019,75.7,1889.894
Latvia,LVA,2020,75.5,2046.181
Latvia,LVA,2021,73.1,2720.627
Latvia,LVA,2022,74.5,2351.855
Latvia,LVA,2023,75.9,NA
Mexico,MEX,1970,59.9,NA
Mexico,MEX,1971,61.6,NA
Mexico,MEX,1972,62,NA
Mexico,MEX,1973,62.4,NA
Mexico,MEX,1974,63.4,NA
Mexico,MEX,1975,63.9,NA
Mexico,MEX,1976,64.2,NA
Mexico,MEX,1977,64.7,NA
Mexico,MEX,1978,65.5,NA
Mexico,MEX,1979,65.9,NA
Mexico,MEX,1980,66.2,NA
Mexico,MEX,1981,66.9,NA
Mexico,MEX,1982,67.7,NA
Mexico,MEX,1983,68.3,NA
Mexico,MEX,1984,68.8,NA
Mexico,MEX,1985,69,NA
Mexico,MEX,1986,69.8,NA
Mexico,MEX,1987,70.1,NA
Mexico,MEX,1988,70.2,NA
Mexico,MEX,1989,70.5,NA
Mexico,MEX,1990,70.9,NA
Mexico,MEX,1991,71.6,NA
Mexico,MEX,1992,71.9,NA
Mexico,MEX,1993,72,NA
Mexico,MEX,1994,72.3,NA
Mexico,MEX,1995,72.2,NA
Mexico,MEX,1996,72.7,NA
Mexico,MEX,1997,73.1,NA
Mexico,MEX,1998,73.5,NA
Mexico,MEX,1999,74,730.874
Mexico,MEX,2000,74.7,777.491
Mexico,MEX,2001,75,843.423
Mexico,MEX,2002,75.1,883.32
Mexico,MEX,2003,75.1,999.614
Mexico,MEX,2004,75.4,1047.611
Mexico,MEX,2005,75.2,1018.888
Mexico,MEX,2006,75.5,1044.084
Mexico,MEX,2007,75.4,1060.441
Mexico,MEX,2008,75.2,1028.155
Mexico,MEX,2009,74.9,1027.144
Mexico,MEX,2010,74.8,973.817
Mexico,MEX,2011,74.9,976.97
Mexico,MEX,2012,75,1015.883
Mexico,MEX,2013,75,1031.137
Mexico,MEX,2014,75,995.646
Mexico,MEX,2015,74.7,1062.591
Mexico,MEX,2016,74.8,1048.837
Mexico,MEX,2017,74.9,1052.469
Mexico,MEX,2018,75,1055.088
Mexico,MEX,2019,75.1,1063.958
Mexico,MEX,2020,75.2,1099.015
Mexico,MEX,2021,75.4,1112.726
Mexico,MEX,2022,NA,1090.092
Netherlands,NLD,1960,73.5,NA
Netherlands,NLD,1961,73.8,NA
Netherlands,NLD,1962,73.4,NA
Netherlands,NLD,1963,73.4,NA
Netherlands,NLD,1964,73.8,NA
Netherlands,NLD,1965,73.6,NA
Netherlands,NLD,1966,73.6,NA
Netherlands,NLD,1967,73.9,NA
Netherlands,NLD,1968,73.7,NA
Netherlands,NLD,1969,73.6,NA
Netherlands,NLD,1970,73.7,NA
Netherlands,NLD,1971,73.9,NA
Netherlands,NLD,1972,73.8,1498.653
Netherlands,NLD,1973,74.2,1573.888
Netherlands,NLD,1974,74.6,1666.629
Netherlands,NLD,1975,74.6,1746.927
Netherlands,NLD,1976,74.7,1798.675
Netherlands,NLD,1977,75.3,1858.109
Netherlands,NLD,1978,75.3,1942.796
Netherlands,NLD,1979,75.7,1988.214
Netherlands,NLD,1980,75.9,1999.437
Netherlands,NLD,1981,76,1975.041
Netherlands,NLD,1982,76.1,2002.927
Netherlands,NLD,1983,76.3,2012.557
Netherlands,NLD,1984,76.4,2009.331
Netherlands,NLD,1985,76.5,2014.801
Netherlands,NLD,1986,76.4,2087.647
Netherlands,NLD,1987,76.9,2123.034
Netherlands,NLD,1988,77.1,2155.927
Netherlands,NLD,1989,76.9,2286.201
Netherlands,NLD,1990,77.1,2413.266
Netherlands,NLD,1991,77.2,2501.143
Netherlands,NLD,1992,77.4,2575.409
Netherlands,NLD,1993,77.1,2609.625
Netherlands,NLD,1994,77.6,2618.847
Netherlands,NLD,1995,77.6,2653.415
Netherlands,NLD,1996,77.6,2707.3
Netherlands,NLD,1997,78,2745.878
Netherlands,NLD,1998,78.1,3172.642
Netherlands,NLD,1999,78,3296.212
Netherlands,NLD,2000,78.2,3364.058
Netherlands,NLD,2001,78.4,3593.882
Netherlands,NLD,2002,78.5,3834.445
Netherlands,NLD,2003,78.7,3987.022
Netherlands,NLD,2004,79.3,4065.592
Netherlands,NLD,2005,79.6,4139.051
Netherlands,NLD,2006,80,4262.815
Netherlands,NLD,2007,80.4,4385.816
Netherlands,NLD,2008,80.5,4587.207
Netherlands,NLD,2009,80.9,4768.575
Netherlands,NLD,2010,81,4835.082
Netherlands,NLD,2011,81.3,4864.309
Netherlands,NLD,2012,81.2,4928.964
Netherlands,NLD,2013,81.4,4915.66
Netherlands,NLD,2014,81.8,4930.843
Netherlands,NLD,2015,81.6,4927.103
Netherlands,NLD,2016,81.7,5002.198
Netherlands,NLD,2017,81.8,5011.271
Netherlands,NLD,2018,81.9,5053.651
Netherlands,NLD,2019,82.2,5187.209
Netherlands,NLD,2020,81.4,5502.548
Netherlands,NLD,2021,81.4,5753.96
Netherlands,NLD,2022,81.7,5347.826
Netherlands,NLD,2023,82,NA
Norway,NOR,1960,73.8,NA
Norway,NOR,1961,73.8,NA
Norway,NOR,1962,73.7,NA
Norway,NOR,1963,73.3,NA
Norway,NOR,1964,73.8,NA
Norway,NOR,1965,74,NA
Norway,NOR,1966,74.2,NA
Norway,NOR,1967,74.2,NA
Norway,NOR,1968,74.1,NA
Norway,NOR,1969,73.8,NA
Norway,NOR,1970,74.3,754.267
Norway,NOR,1971,74.4,839.258
Norway,NOR,1972,74.5,938.461
Norway,NOR,1973,74.6,1015.081
Norway,NOR,1974,75,1060.696
Norway,NOR,1975,75,1174.067
Norway,NOR,1976,75.2,1252.693
Norway,NOR,1977,75.6,1344.908
Norway,NOR,1978,75.7,1500.578
Norway,NOR,1979,75.6,1439.135
Norway,NOR,1980,75.8,1504.569
Norway,NOR,1981,76,1537.518
Norway,NOR,1982,76.1,1582.8
Norway,NOR,1983,76.2,1672.273
Norway,NOR,1984,76.3,1664.585
Norway,NOR,1985,76,1739.313
Norway,NOR,1986,76.4,1808.968
Norway,NOR,1987,76.2,1881.839
Norway,NOR,1988,76.3,1891.082
Norway,NOR,1989,76.6,1864.516
Norway,NOR,1990,76.6,2179.127
Norway,NOR,1991,77.1,2293.101
Norway,NOR,1992,77.3,2344.932
Norway,NOR,1993,77.2,2359.085
Norway,NOR,1994,77.9,2403.648
Norway,NOR,1995,77.9,2494.08
Norway,NOR,1996,78.3,2642.166
Norway,NOR,1997,78.3,2985.616
Norway,NOR,1998,78.5,3190.172
Norway,NOR,1999,78.4,3373.393
Norway,NOR,2000,78.8,3533.189
Norway,NOR,2001,79,3678.837
Norway,NOR,2002,79,4015.341
Norway,NOR,2003,79.6,4105.641
Norway,NOR,2004,80.1,4233.555
Norway,NOR,2005,80.3,4370.944
Norway,NOR,2006,80.6,4475.466
Norway,NOR,2007,80.6,4688.639
Norway,NOR,2008,80.8,4867.441
Norway,NOR,2009,81,4956.331
Norway,NOR,2010,81.2,5004.801
Norway,NOR,2011,81.4,5147.248
Norway,NOR,2012,81.5,5296.195
Norway,NOR,2013,81.8,5367.635
Norway,NOR,2014,82.2,5530.596
Norway,NOR,2015,82.4,5725.452
Norway,NOR,2016,82.5,5747.648
Norway,NOR,2017,82.7,5776.894
Norway,NOR,2018,82.8,5844.861
Norway,NOR,2019,83,5953.112
Norway,NOR,2020,83.3,6060.307
Norway,NOR,2021,83.2,6275.317
Norway,NOR,2022,82.6,6331.416
New Zealand,NZL,1961,71.1,NA
New Zealand,NZL,1962,71.2,NA
New Zealand,NZL,1963,71.2,NA
New Zealand,NZL,1964,71.2,NA
New Zealand,NZL,1965,71.2,NA
New Zealand,NZL,1966,71.3,NA
New Zealand,NZL,1967,71.4,NA
New Zealand,NZL,1968,71.4,NA
New Zealand,NZL,1969,71.5,NA
New Zealand,NZL,1970,71.5,1033.215
New Zealand,NZL,1971,71.6,1042.533
New Zealand,NZL,1972,71.7,1117.065
New Zealand,NZL,1973,71.8,1245.728
New Zealand,NZL,1974,72,1357.598
New Zealand,NZL,1975,72.1,1422.978
New Zealand,NZL,1976,72.3,1352.822
New Zealand,NZL,1977,72.5,1365.285
New Zealand,NZL,1978,72.7,1474.378
New Zealand,NZL,1979,72.9,1365.794
New Zealand,NZL,1980,73.2,1214.955
New Zealand,NZL,1981,73.4,1254.593
New Zealand,NZL,1982,73.6,1256.09
New Zealand,NZL,1983,73.7,1282.839
New Zealand,NZL,1984,73.8,1253.763
New Zealand,NZL,1985,74,1138.624
New Zealand,NZL,1986,74.1,1224.785
New Zealand,NZL,1987,74.5,1366.522
New Zealand,NZL,1988,74.8,1517.527
New Zealand,NZL,1989,75.2,1563.368
New Zealand,NZL,1990,75.5,1610.58
New Zealand,NZL,1991,75.8,1628.058
New Zealand,NZL,1992,76.1,1663.127
New Zealand,NZL,1993,76.3,1692.533
New Zealand,NZL,1994,76.6,1764.53
New Zealand,NZL,1995,76.8,1811.676
New Zealand,NZL,1996,77.1,1821.151
New Zealand,NZL,1997,77.4,1893.383
New Zealand,NZL,1998,77.7,1981.04
New Zealand,NZL,1999,78.1,2035.943
New Zealand,NZL,2000,78.4,2108.164
New Zealand,NZL,2001,78.7,2238.917
New Zealand,NZL,2002,79,2363.226
New Zealand,NZL,2003,79.3,2399.378
New Zealand,NZL,2004,79.6,2532.349
New Zealand,NZL,2005,79.8,2698.566
New Zealand,NZL,2006,80.1,2849.377
New Zealand,NZL,2007,80.3,2888.761
New Zealand,NZL,2008,80.5,3055.9
New Zealand,NZL,2009,80.7,3202.521
New Zealand,NZL,2010,80.8,3241.998
New Zealand,NZL,2011,81,3267.395
New Zealand,NZL,2012,81.2,3336.994
New Zealand,NZL,2013,81.4,3403.162
New Zealand,NZL,2014,81.4,3472
New Zealand,NZL,2015,81.5,3500.719
New Zealand,NZL,2016,81.6,3577.735
New Zealand,NZL,2017,81.7,3589.81
New Zealand,NZL,2018,81.7,3670.846
New Zealand,NZL,2019,82.1,3741.733
New Zealand,NZL,2020,82.3,3928.982
New Zealand,NZL,2021,82.3,4299.036
New Zealand,NZL,2022,NA,4875.313
Poland,POL,1960,67.8,NA
Poland,POL,1961,67.8,NA
Poland,POL,1962,67.5,NA
Poland,POL,1963,68.5,NA
Poland,POL,1964,68.7,NA
Poland,POL,1965,69.5,NA
Poland,POL,1966,69.9,NA
Poland,POL,1967,69.5,NA
Poland,POL,1968,70.3,NA
Poland,POL,1969,69.8,NA
Poland,POL,1970,70,NA
Poland,POL,1971,69.7,NA
Poland,POL,1972,70.7,NA
Poland,POL,1973,70.7,NA
Poland,POL,1974,71.2,NA
Poland,POL,1975,70.6,NA
Poland,POL,1976,70.7,NA
Poland,POL,1977,70.5,NA
Poland,POL,1978,70.4,NA
Poland,POL,1979,70.9,NA
Poland,POL,1980,70.2,NA
Poland,POL,1981,71.2,NA
Poland,POL,1982,71.2,NA
Poland,POL,1983,71.1,NA
Poland,POL,1984,70.9,NA
Poland,POL,1985,71.1,NA
Poland,POL,1986,71,NA
Poland,POL,1987,71.5,NA
Poland,POL,1988,71.5,NA
Poland,POL,1989,71.2,NA
Poland,POL,1990,70.7,568.786
Poland,POL,1991,70.4,550.309
Poland,POL,1992,71,576.067
Poland,POL,1993,71.5,605.289
Poland,POL,1994,71.8,628.983
Poland,POL,1995,72,662.069
Poland,POL,1996,72.3,741.404
Poland,POL,1997,72.7,763.645
Poland,POL,1998,73.1,790.228
Poland,POL,1999,73.1,894.705
Poland,POL,2000,73.8,882.349
Poland,POL,2001,74.2,953.21
Poland,POL,2002,74.5,1031.799
Poland,POL,2003,74.7,1048.738
Poland,POL,2004,74.9,1091.555
Poland,POL,2005,75,1122.885
Poland,POL,2006,75.3,1191.267
Poland,POL,2007,75.4,1304.562
Poland,POL,2008,75.6,1468.563
Poland,POL,2009,75.9,1572.872
Poland,POL,2010,76.4,1558.525
Poland,POL,2011,76.8,1567.865
Poland,POL,2012,76.9,1571.205
Poland,POL,2013,77.1,1639.25
Poland,POL,2014,77.8,1672.929
Poland,POL,2015,77.5,1796.739
Poland,POL,2016,78,1912.106
Poland,POL,2017,77.8,2010.51
Poland,POL,2018,77.7,2032.723
Poland,POL,2019,78,2189.265
Poland,POL,2020,76.4,2176.496
Poland,POL,2021,75.4,2314.319
Poland,POL,2022,77.2,2373.995
Poland,POL,2023,78.6,NA
Portugal,PRT,1960,64,NA
Portugal,PRT,1961,62.7,NA
Portugal,PRT,1962,64.2,NA
Portugal,PRT,1963,64.8,NA
Portugal,PRT,1964,64.9,NA
Portugal,PRT,1965,65.8,NA
Portugal,PRT,1966,65.3,NA
Portugal,PRT,1967,66.1,NA
Portugal,PRT,1968,66.4,NA
Portugal,PRT,1969,66,NA
Portugal,PRT,1970,66.7,252.321
Portugal,PRT,1971,66.4,293.999
Portugal,PRT,1972,68.4,403.508
Portugal,PRT,1973,67.6,481.899
Portugal,PRT,1974,68.2,500.583
Portugal,PRT,1975,68.4,620.032
Portugal,PRT,1976,69,622.716
Portugal,PRT,1977,70.1,582.724
Portugal,PRT,1978,70.5,620.447
Portugal,PRT,1979,71.3,605.625
Portugal,PRT,1980,71.5,731.281
Portugal,PRT,1981,71.8,759.199
Portugal,PRT,1982,72.5,784.209
Portugal,PRT,1983,72.4,737.035
Portugal,PRT,1984,72.7,720.868
Portugal,PRT,1985,73,823.077
Portugal,PRT,1986,73.4,1003.98
Portugal,PRT,1987,73.8,1038.447
Portugal,PRT,1988,73.8,1162.834
Portugal,PRT,1989,74.4,1118.994
Portugal,PRT,1990,74.1,1167.562
Portugal,PRT,1991,74.1,1314.525
Portugal,PRT,1992,74.7,1377.909
Portugal,PRT,1993,74.6,1400.605
Portugal,PRT,1994,75.5,1436.208
Portugal,PRT,1995,75.4,1646.104
Portugal,PRT,1996,75.3,1743.076
Portugal,PRT,1997,75.8,1807.9
Portugal,PRT,1998,76,1898.569
Portugal,PRT,1999,76.2,2034.805
Portugal,PRT,2000,76.8,2350.691
Portugal,PRT,2001,77.2,2376.655
Portugal,PRT,2002,77.4,2434.36
Portugal,PRT,2003,77.5,2493.364
Portugal,PRT,2004,78.4,2639.802
Portugal,PRT,2005,78.2,2681.32
Portugal,PRT,2006,79,2636.059
Portugal,PRT,2007,79.3,2673.392
Portugal,PRT,2008,79.5,2750.652
Portugal,PRT,2009,79.7,2882.594
Portugal,PRT,2010,80.1,2879.56
Portugal,PRT,2011,80.7,2712.941
Portugal,PRT,2012,80.6,2572.331
Portugal,PRT,2013,80.9,2524.308
Portugal,PRT,2014,81.3,2547.818
Portugal,PRT,2015,81.3,2629.529
Portugal,PRT,2016,81.3,2727.221
Portugal,PRT,2017,81.6,2794.722
Portugal,PRT,2018,81.5,2913.212
Portugal,PRT,2019,81.9,3040.979
Portugal,PRT,2020,81.1,3103.482
Portugal,PRT,2021,81.5,3454.674
Portugal,PRT,2022,81.8,3400.897
Portugal,PRT,2023,82.4,3383.995
Slovakia,SVK,1960,70.3,NA
Slovakia,SVK,1961,70.9,NA
Slovakia,SVK,1962,70.4,NA
Slovakia,SVK,1963,70.8,NA
Slovakia,SVK,1964,71.2,NA
Slovakia,SVK,1965,70.4,NA
Slovakia,SVK,1966,70.5,NA
Slovakia,SVK,1967,71.1,NA
Slovakia,SVK,1968,70.6,NA
Slovakia,SVK,1969,70,NA
Slovakia,SVK,1970,69.8,NA
Slovakia,SVK,1971,69.9,NA
Slovakia,SVK,1972,70.3,NA
Slovakia,SVK,1973,70,NA
Slovakia,SVK,1974,70.2,NA
Slovakia,SVK,1975,70.3,NA
Slovakia,SVK,1976,70.5,NA
Slovakia,SVK,1977,70.4,NA
Slovakia,SVK,1978,70.5,NA
Slovakia,SVK,1979,70.8,NA
Slovakia,SVK,1980,70.4,NA
Slovakia,SVK,1981,70.7,NA
Slovakia,SVK,1982,70.9,NA
Slovakia,SVK,1983,70.6,NA
Slovakia,SVK,1984,70.8,NA
Slovakia,SVK,1985,70.9,NA
Slovakia,SVK,1986,71.1,NA
Slovakia,SVK,1987,71.3,NA
Slovakia,SVK,1988,71.4,NA
Slovakia,SVK,1989,71.2,NA
Slovakia,SVK,1990,71.1,NA
Slovakia,SVK,1991,71.1,NA
Slovakia,SVK,1992,71.5,NA
Slovakia,SVK,1993,72,NA
Slovakia,SVK,1994,72.5,NA
Slovakia,SVK,1995,72.4,NA
Slovakia,SVK,1996,72.9,NA
Slovakia,SVK,1997,72.9,1056.407
Slovakia,SVK,1998,72.8,1069.758
Slovakia,SVK,1999,73.2,1044.277
Slovakia,SVK,2000,73.3,1023.896
Slovakia,SVK,2001,73.6,1063.73
Slovakia,SVK,2002,73.8,1158.58
Slovakia,SVK,2003,73.8,1193.577
Slovakia,SVK,2004,74.2,1468.277
Slovakia,SVK,2005,74.1,1583.723
Slovakia,SVK,2006,74.5,1747.021
Slovakia,SVK,2007,74.6,2000.529
Slovakia,SVK,2008,74.9,2009.941
Slovakia,SVK,2009,75.3,2130.811
Slovakia,SVK,2010,75.6,2175.832
Slovakia,SVK,2011,76.1,2096.903
Slovakia,SVK,2012,76.3,2144.471
Slovakia,SVK,2013,76.6,2126.45
Slovakia,SVK,2014,77,1999.429
Slovakia,SVK,2015,76.7,2059.132
Slovakia,SVK,2016,77.3,2154.288
Slovakia,SVK,2017,77.3,2136.062
Slovakia,SVK,2018,77.4,2183.357
Slovakia,SVK,2019,77.8,2318.275
Slovakia,SVK,2020,77,2309.381
Slovakia,SVK,2021,74.6,2623.706
Slovakia,SVK,2022,77,2536.436
Slovakia,SVK,2023,78.1,NA
Slovenia,SVN,1970,68.7,NA
Slovenia,SVN,1982,71.2,NA
Slovenia,SVN,1983,71,NA
Slovenia,SVN,1984,71.4,NA
Slovenia,SVN,1985,71.9,NA
Slovenia,SVN,1986,72.5,NA
Slovenia,SVN,1987,72.4,NA
Slovenia,SVN,1988,73.1,NA
Slovenia,SVN,1989,73.5,NA
Slovenia,SVN,1990,73.9,NA
Slovenia,SVN,1991,73.6,NA
Slovenia,SVN,1992,73.7,NA
Slovenia,SVN,1993,73.6,NA
Slovenia,SVN,1994,74,NA
Slovenia,SVN,1995,74.7,NA
Slovenia,SVN,1996,75.2,NA
Slovenia,SVN,1997,75.2,NA
Slovenia,SVN,1998,75.3,NA
Slovenia,SVN,1999,75.7,NA
Slovenia,SVN,2000,76.2,1857.359
Slovenia,SVN,2001,76.4,1939.155
Slovenia,SVN,2002,76.6,2043.619
Slovenia,SVN,2003,76.4,2124.898
Slovenia,SVN,2004,77.2,2174.389
Slovenia,SVN,2005,77.5,2252.063
Slovenia,SVN,2006,78.3,2313.124
Slovenia,SVN,2007,78.4,2371.863
Slovenia,SVN,2008,79.1,2528.644
Slovenia,SVN,2009,79.4,2563.541
Slovenia,SVN,2010,79.8,2531.225
Slovenia,SVN,2011,80.1,2528.359
Slovenia,SVN,2012,80.3,2489.726
Slovenia,SVN,2013,80.5,2469.49
Slovenia,SVN,2014,81.2,2487.825
Slovenia,SVN,2015,80.9,2579.849
Slovenia,SVN,2016,81.2,2667.953
Slovenia,SVN,2017,81.2,2689.604
Slovenia,SVN,2018,81.5,2837.423
Slovenia,SVN,2019,81.6,3000.806
Slovenia,SVN,2020,80.6,3190.582
Slovenia,SVN,2021,80.7,3423.712
Slovenia,SVN,2022,81.3,3521.806
Slovenia,SVN,2023,82,NA
Sweden,SWE,1960,73.1,NA
Sweden,SWE,1961,73.5,NA
Sweden,SWE,1962,73.4,NA
Sweden,SWE,1963,73.6,NA
Sweden,SWE,1964,73.8,NA
Sweden,SWE,1965,73.9,NA
Sweden,SWE,1966,74.2,NA
Sweden,SWE,1967,74.2,NA
Sweden,SWE,1968,74,NA
Sweden,SWE,1969,74.1,NA
Sweden,SWE,1970,74.7,1396.896
Sweden,SWE,1971,74.7,1504.583
Sweden,SWE,1972,74.8,1569.062
Sweden,SWE,1973,74.9,1613.496
Sweden,SWE,1974,75,1712.745
Sweden,SWE,1975,75,1888.065
Sweden,SWE,1976,75,1997.915
Sweden,SWE,1977,75.5,2171.017
Sweden,SWE,1978,75.5,2174.807
Sweden,SWE,1979,75.6,2221.412
Sweden,SWE,1980,75.8,2333.226
Sweden,SWE,1981,76.1,2301.667
Sweden,SWE,1982,76.4,2309.27
Sweden,SWE,1983,76.7,2299.219
Sweden,SWE,1984,76.9,2337.214
Sweden,SWE,1985,76.8,2252.789
Sweden,SWE,1986,77,2271.088
Sweden,SWE,1987,77.2,2353.484
Sweden,SWE,1988,77.1,2389.479
Sweden,SWE,1989,77.8,2481.664
Sweden,SWE,1990,77.7,2504.186
Sweden,SWE,1991,77.8,2406.022
Sweden,SWE,1992,78.2,2431.203
Sweden,SWE,1993,78.2,2348.936
Sweden,SWE,1994,78.9,2295.384
Sweden,SWE,1995,79,2359.679
Sweden,SWE,1996,79.2,2441.378
Sweden,SWE,1997,79.4,2440.765
Sweden,SWE,1998,79.5,2574.817
Sweden,SWE,1999,79.6,2667.797
Sweden,SWE,2000,79.8,2790.723
Sweden,SWE,2001,79.9,3033.38
Sweden,SWE,2002,80,3179.617
Sweden,SWE,2003,80.3,3245.694
Sweden,SWE,2004,80.7,3274.566
Sweden,SWE,2005,80.7,3342.851
Sweden,SWE,2006,81,3443.949
Sweden,SWE,2007,81.1,3534.6
Sweden,SWE,2008,81.3,3592.13
Sweden,SWE,2009,81.5,3667.611
Sweden,SWE,2010,81.6,3639.648
Sweden,SWE,2011,81.9,4632.17
Sweden,SWE,2012,81.8,4702.301
Sweden,SWE,2013,82,4777.727
Sweden,SWE,2014,82.3,4880.423
Sweden,SWE,2015,82.2,5004.132
Sweden,SWE,2016,82.4,5070.399
Sweden,SWE,2017,82.5,5091.079
Sweden,SWE,2018,82.6,5177.358
Sweden,SWE,2019,83.2,5184.229
Sweden,SWE,2020,82.4,5255.06
Sweden,SWE,2021,83.1,5472.318
Sweden,SWE,2022,83.1,5292.476
Sweden,SWE,2023,83.4,5391.5
Turkey,TUR,1960,48.3,NA
Turkey,TUR,1961,49,NA
Turkey,TUR,1962,49.7,NA
Turkey,TUR,1963,50.3,NA
Turkey,TUR,1964,51,NA
Turkey,TUR,1965,51.6,NA
Turkey,TUR,1966,52.2,NA
Turkey,TUR,1967,52.9,NA
Turkey,TUR,1968,53.4,NA
Turkey,TUR,1969,53.8,NA
Turkey,TUR,1970,54.2,NA
Turkey,TUR,1971,54.6,NA
Turkey,TUR,1972,55,NA
Turkey,TUR,1973,55.4,NA
Turkey,TUR,1974,55.7,NA
Turkey,TUR,1975,56.1,185.847
Turkey,TUR,1976,56.5,164.351
Turkey,TUR,1977,56.9,218.743
Turkey,TUR,1978,57.3,233.565
Turkey,TUR,1979,57.7,230.795
Turkey,TUR,1980,58.1,224.553
Turkey,TUR,1981,58.5,255.98
Turkey,TUR,1982,58.9,214.499
Turkey,TUR,1983,59.7,226.534
Turkey,TUR,1984,60.9,225.304
Turkey,TUR,1985,62.1,165.185
Turkey,TUR,1986,63.2,222.305
Turkey,TUR,1987,64.4,223.372
Turkey,TUR,1988,65.2,261.127
Turkey,TUR,1989,65.7,270.002
Turkey,TUR,1990,67.5,308.408
Turkey,TUR,1991,67.8,344.219
Turkey,TUR,1992,68.2,349.991
Turkey,TUR,1993,68.5,369.203
Turkey,TUR,1994,68.9,330.556
Turkey,TUR,1995,69.3,317.194
Turkey,TUR,1996,69.7,410.119
Turkey,TUR,1997,70.1,466.26
Turkey,TUR,1998,70.3,521.595
Turkey,TUR,1999,70.7,633.247
Turkey,TUR,2000,71.1,667.392
Turkey,TUR,2001,71.5,673.833
Turkey,TUR,2002,71.9,726.726
Turkey,TUR,2003,72.3,748.981
Turkey,TUR,2004,72.7,806.033
Turkey,TUR,2005,73.1,853.959
Turkey,TUR,2006,73.4,943.153
Turkey,TUR,2007,73.7,991.401
Turkey,TUR,2008,73.9,994.128
Turkey,TUR,2009,74.1,985.811
Turkey,TUR,2010,74.3,965.312
Turkey,TUR,2011,74.6,987.092
Turkey,TUR,2012,74.6,971.765
Turkey,TUR,2013,78,1025.461
Turkey,TUR,2014,78,1046.599
Turkey,TUR,2015,78,1040.108
Turkey,TUR,2016,78,1117.572
Turkey,TUR,2017,78.1,1155.621
Turkey,TUR,2018,78.3,1179.466
Turkey,TUR,2019,78.6,1231.374
Turkey,TUR,2020,77.7,1336.07
Turkey,TUR,2021,77.5,1551.908
Turkey,TUR,2022,NA,1432.967
United States,USA,1960,69.7,NA
United States,USA,1961,70.2,NA
United States,USA,1962,70.1,NA
United States,USA,1963,69.9,NA
United States,USA,1964,70.2,NA
United States,USA,1965,70.2,NA
United States,USA,1966,70.2,NA
United States,USA,1967,70.5,NA
United States,USA,1968,70.2,NA
United States,USA,1969,70.5,NA
United States,USA,1970,70.8,1663.054
United States,USA,1971,71.1,1740.853
United States,USA,1972,71.2,1862.047
United States,USA,1973,71.4,1953.302
United States,USA,1974,72,1999.529
United States,USA,1975,72.6,2089.503
United States,USA,1976,72.9,2255.667
United States,USA,1977,73.3,2407.405
United States,USA,1978,73.5,2508.648
United States,USA,1979,73.9,2588.907
United States,USA,1980,73.7,2666.456
United States,USA,1981,74.1,2812.676
United States,USA,1982,74.5,2971.19
United States,USA,1983,74.6,3112.15
United States,USA,1984,74.7,3280.158
United States,USA,1985,74.7,3454.905
United States,USA,1986,74.7,3598.459
United States,USA,1987,74.9,3727.181
United States,USA,1988,74.9,3987.93
United States,USA,1989,75.1,4217.458
United States,USA,1990,75.4,4470.045
United States,USA,1991,75.5,4669.963
United States,USA,1992,75.8,4855.569
United States,USA,1993,75.5,5020.943
United States,USA,1994,75.7,5135.179
United States,USA,1995,75.8,5254.929
United States,USA,1996,76.1,5360.16
United States,USA,1997,76.5,5486.997
United States,USA,1998,76.7,5670.278
United States,USA,1999,76.7,5851.53
United States,USA,2000,76.8,6067.956
United States,USA,2001,77,6400.468
United States,USA,2002,77,6864.645
United States,USA,2003,77.2,7232.795
United States,USA,2004,77.6,7469.848
United States,USA,2005,77.6,7681.938
United States,USA,2006,77.8,7899.622
United States,USA,2007,78.1,8093.908
United States,USA,2008,78.2,8089.049
United States,USA,2009,78.5,8398.49
United States,USA,2010,78.7,8489.393
United States,USA,2011,78.7,8488.094
United States,USA,2012,78.8,8611.504
United States,USA,2013,78.8,8658.054
United States,USA,2014,78.9,8940.737
United States,USA,2015,78.7,9355.406
United States,USA,2016,78.7,9628.194
United States,USA,2017,78.6,9768.971
United States,USA,2018,78.7,9940.93
United States,USA,2019,78.8,10189.091
United States,USA,2020,77,11081.445
United States,USA,2021,76.4,10923.992
United States,USA,2022,NA,10634.605
